Filename,Label,Contrast0,Contrast45,Contrast90,Contrast135,Homogeneity0,Homogeneity45,Homogeneity90,Homogeneity135,Dissimilarity0,Dissimilarity45,Dissimilarity90,Dissimilarity135,Entropy0,Entropy45,Entropy90,Entropy135,ASM0,ASM45,ASM90,ASM135,Energy0,Energy45,Energy90,Energy135,Correlation0,Correlation45,Correlation90,Correlation135
image1.jpg,defect,2647.6171875,4774.0,3516.2109375000005,4236.0,0.9592837143988558,0.9265832128686987,0.9459260766847108,0.9348568265001692,10.3828125,18.72156862745098,13.789062500000002,16.61176470588235,0.4850281452295341,0.5484347754805774,0.5173890576151795,0.5323974827999509,0.7727828403401036,0.7493816142934999,0.7606912094169012,0.7565089283230463,0.8790806790847491,0.8656683050068888,0.8721761343999853,0.8697752171239683,0.7836026800744937,0.5979097933530494,0.7126100303472398,0.6432228497368073
image10.jpg,defect,1458.28125,2290.0,1298.90625,2124.0,0.9775738742964353,0.9647833174422539,0.9800248169962784,0.9673361424660905,5.71875,8.980392156862745,5.09375,8.329411764705883,0.275560480154398,0.2943116299748462,0.26855595865095505,0.28864030445912675,0.8889431573793732,0.8836950252919316,0.8912902113970588,0.886074597103619,0.9428378213560237,0.9400505440091674,0.944081676232019,0.9413153547582335,0.7483940805009877,0.5722327437438192,0.7758919952003334,0.6032411998741799
image100.jpg,defect,1428.3984375,2256.0,1364.6484375,2238.0000000000005,0.9780334260526558,0.9653061852182204,0.979013803132593,0.9655829975702027,5.6015625,8.847058823529412,5.3515625,8.776470588235297,0.2718081313660806,0.290446326815323,0.2690313122994955,0.28984207856404953,0.8907442952192366,0.8855599398155355,0.8916825761688713,0.8858176251082562,0.9437925064436762,0.9410419437068337,0.9442894557120032,0.9411788486298746,0.7497256825740857,0.5714070248059925,0.7608955265875156,0.5748266496080722
image11.jpg,defect,2143.59375,3182.0,2201.3671875,3248.0,0.9670348206871098,0.9510657275551319,0.9661463539584166,0.9500507489311968,8.40625,12.47843137254902,8.6328125,12.737254901960783,0.36276327688344645,0.38804737653843174,0.3650224156528385,0.390090291562977,0.8450585937499999,0.836785307398849,0.8442294814869883,0.8358706809154673,0.9192706857884678,0.9147596992647026,0.9188196131379588,0.9142596353965691,0.7321223123097926,0.580584385810501,0.7249025605040158,0.5718850047493738
image12.jpg,defect,1818.8671875,2716.0,1561.8750000000002,2584.0,0.9720286164380402,0.9582320917786731,0.9759807615415372,0.9602620490265432,7.1328125,10.650980392156862,6.125000000000001,10.133333333333333,0.3504463438371962,0.37379943290759904,0.33923887296872446,0.3691975440869468,0.8491897361253784,0.8427364196274434,0.8529364612055762,0.8446009495948457,0.9215149136749651,0.9180067644780421,0.9235455923805691,0.9190217351046958,0.7737290381709281,0.6437335531182462,0.8056994150339624,0.6610484172524109
image13.jpg,defect,1691.3671875,2842.0,1854.7265625,2604.0,0.9739893705979147,0.9562944053147971,0.9714771543305755,0.9599544797465629,6.6328125,11.145098039215686,7.2734375,10.211764705882352,0.3400491584538643,0.37267377572345267,0.3469965107201757,0.3645748420760913,0.8540276740579045,0.84398428274341,0.8516524232529257,0.8473378687196433,0.9241361772260106,0.9186861720649822,0.9228501629478784,0.9205095701401715,0.7843875279573931,0.6173490970695097,0.7635627662288964,0.6493937539651665
image14.jpg,defect,2306.953125,3570.0,2793.046875,3870.0,0.9645226044197706,0.9450988835235137,0.957047229185249,0.9404853443238089,9.046875,14.0,10.953125,15.176470588235295,0.43940319606484857,0.47664300128042325,0.45854589309465393,0.48625509473496387,0.7988527587045847,0.7870226649585135,0.7919635814650615,0.7829369326942393,0.8937856335299783,0.8871429788700993,0.8899233570735524,0.8848372351422826,0.7874655870445345,0.6591837031321024,0.7426828609986506,0.6305436781852201
image15.jpg,defect,2247.1875,3284.0,2024.0625,3090.0,0.9654417079322117,0.9494971242272322,0.968873027711992,0.9524805462430412,8.8125,12.878431372549018,7.9375,12.117647058823529,0.364221284308178,0.3883711585415979,0.3554547893987141,0.3823645793367457,0.8450908196554511,0.8369092522749879,0.8482967981252704,0.8396002692011664,0.9192882135954159,0.9148274439887492,0.9210302916436953,0.9162970420126687,0.7156697715693409,0.5613630790301668,0.7439011417681297,0.5872752479303335
image16.jpg,defect,1854.7265625,2834.0,1954.3359375,2886.0,0.9714771543305754,0.9564174330267893,0.9699453151431735,0.9556177528988404,7.2734375,11.11372549019608,7.6640625,11.31764705882353,0.3272625512827225,0.3508056299498582,0.33126892457252777,0.352452337901478,0.8632685835037905,0.8558561258416417,0.8618264548753785,0.8551267792930322,0.929122480356487,0.9251249244516341,0.9283460857220105,0.9247306522945112,0.7383706022231529,0.5746322508720437,0.7243196141578013,0.5668273380440078
image17.jpg,defect,2544.0234375,3938.0,2478.28125,3264.0,0.9608768271537539,0.9394396087718758,0.9618878410174392,0.9498046935072125,9.9765625,15.443137254901961,9.71875,12.799999999999999,0.3933323722188436,0.4271600176644865,0.3908856268329045,0.4071950879222217,0.8302229212284639,0.8171972348493416,0.8311558622472427,0.8264144514848858,0.9111656936191485,0.903989620985408,0.9116774990352908,0.9090734026935811,0.7040202883316972,0.5190076436679163,0.7116689418047232,0.601330865650604
image18.jpg,defect,2115.703125,2892.0000000000005,1765.078125,3204.0,0.9674637356595823,0.9555254821148464,0.9728558095992372,0.9507274013471534,8.296875,11.341176470588238,6.921875,12.564705882352941,0.3651784812826672,0.38251760670749146,0.35069062927802286,0.39258764962323445,0.843360862277279,0.838703959512807,0.8484312078174561,0.8343556250287316,0.9183468093684863,0.9158078180015756,0.9211032557848529,0.9134306897782292,0.7400407391510058,0.6256260916434458,0.7831224998943418,0.5852372052647306
image19.jpg,defect,2012.109375,2676.0,1884.609375,3222.0,0.9690568484144805,0.9588472303386337,0.971017602574355,0.9504505889951711,7.890625,10.494117647058824,7.390625,12.635294117647058,0.33194002141740014,0.3439418124200164,0.32687582087248257,0.360822337231431,0.8619138414499532,0.859013079197499,0.8637571228801724,0.8513779258295504,0.9283931502601434,0.9268295847659909,0.9293853468180852,0.9227014283231334,0.7137500810728412,0.5946560661721678,0.7318886897969383,0.5119513621848748
image2.jpg,defect,1649.53125,2478.0000000000005,1524.0234375,2462.0000000000005,0.9746327430566235,0.9618921662104389,0.97656286043275,0.9621382216344232,6.46875,9.71764705882353,5.9765625,9.654901960784315,0.2913008317581969,0.3090008077358716,0.2860408129943961,0.30848087384188594,0.8818767139591744,0.8766978922873099,0.8837126599069469,0.8769252581852337,0.939082911120831,0.9363214684537089,0.9400599235724002,0.936442875025078,0.7283953302189321,0.5601822769506957,0.7490609029196654,0.5630221008283344
image20.jpg,defect,1637.5781250000002,2496.0,1763.0859375,2688.0,0.9748165637591117,0.9616153538584565,0.9728864463829854,0.9586626887706456,6.421875000000001,9.788235294117646,6.9140625,10.541176470588235,0.2811845276733208,0.29890447476181614,0.2862083509124095,0.30477040453410326,0.8873453086140247,0.8818009554483303,0.8855161039887004,0.8790836444327376,0.9419900788299337,0.9390425738209798,0.9410186523064782,0.9375946055906772,0.7141615459201223,0.5277827239114724,0.6922542191475769,0.4914583180585086
image21.jpg,defect,2944.453125,3616.0,2177.4609375,3890.0000000000005,0.954718833620398,0.9443914741795589,0.9665139953633931,0.9401777750438287,11.546875,14.180392156862746,8.5390625,15.254901960784316,0.4070855052643725,0.41742271361777483,0.37879544541730525,0.4252864731574084,0.8248737170649509,0.8218666113246305,0.8357399601039864,0.8181392528026884,0.9082255871009971,0.9065685916270376,0.9141881426183488,0.9045105045286586,0.6566821463360868,0.5573079934522739,0.7461120337925188,0.5237633004782482
image22.jpg,defect,1386.5625,2142.0,1235.15625,2043.9999999999998,0.9786767985113647,0.9670593301141082,0.9810051940762157,0.9685664195860118,5.4375,8.4,4.84375,8.015686274509804,0.24890842536004407,0.2632021316096518,0.24235696510691215,0.25997041832127177,0.9027597032992118,0.8987330903545954,0.9049942555147058,0.9001431822646511,0.9501366761151849,0.9480153428898688,0.9513118602827917,0.9487587587288199,0.7207919115707333,0.5254175040589943,0.7512801511118601,0.54713042870989
image23.jpg,defect,2755.1953125,3924.0,2583.8671875,3832.0,0.9576293280764617,0.939654907267862,0.960264091478793,0.9410697259557715,10.8046875,15.388235294117647,10.1328125,15.027450980392159,0.4005824864903172,0.4263307371388345,0.39440339434455196,0.4237549991551343,0.8274765649404676,0.8176259828495857,0.8298950307949466,0.8188720650872015,0.9096573887681382,0.9042267319923614,0.9109857467572952,0.904915501628302,0.6788772609709565,0.51980429459102,0.6988458477797039,0.5310627056250734
image24.jpg,defect,1944.3750000000002,2776.0,1898.5546875,3016.0,0.9700984990619137,0.9573093839387321,0.9708031450881186,0.9536185525789684,7.625000000000001,10.88627450980392,7.4453125,11.827450980392157,0.33058995060363944,0.3486374023380343,0.32875514664953365,0.35617052013031975,0.8621330254777311,0.8568357068474387,0.8627960376380177,0.8534735788042366,0.9285111875888901,0.9256542047910973,0.928868148683126,0.9238363376725537,0.7253151135445792,0.5826674161893232,0.7317882204999836,0.5465867893469015
image25.jpg,defect,2012.109375,2594.0,1617.65625,2918.0,0.9690568484144804,0.9601082643865531,0.9751229315965921,0.955125642050872,7.890625,10.172549019607843,6.34375,11.443137254901961,0.3222322074789891,0.33076907456766086,0.3062624742239213,0.34099851696375216,0.867412023489313,0.865737683891432,0.8731395794473581,0.8611773553513045,0.9313495710469367,0.9304502586873906,0.9344193809245173,0.9279964199022023,0.6984106495372777,0.5842874008609291,0.7575341063606628,0.5323633907911298
image26.jpg,defect,2075.859375,3140.0,2036.015625,2972.0,0.9680764713345431,0.9517116230430904,0.9686892070095039,0.954295204994925,8.140625,12.313725490196077,7.984375,11.654901960784313,0.3694270378298239,0.39695297586986444,0.3678112290885308,0.3914785073469463,0.8404143275723278,0.8316803531484136,0.8409883255538736,0.8340211283005486,0.9167411453471083,0.9119651052252019,0.9170541562818816,0.9132475722938159,0.7519131009601918,0.605359711409254,0.756674845663451,0.6264742236650646
image27.jpg,defect,1456.2890625,1984.0000000000002,1219.21875,2320.0,0.9776045110801833,0.9694891274259527,0.9812502883462,0.9643219635222835,5.7109375,7.780392156862746,4.78125,9.098039215686274,0.26575852967913505,0.27313627145546426,0.25535749719573675,0.28449588746073384,0.8942940942748883,0.8934781279669297,0.8977899167575272,0.8886529040600569,0.9456712400590853,0.945239719841972,0.9475177659324004,0.9426838834201299,0.7327837541557317,0.603447387845346,0.7762840732466593,0.5362892841739934
image28.jpg,defect,1237.1484375,1976.0,1175.390625,1964.0,0.9809745572924675,0.9696121551379449,0.9819242975886568,0.969796696705933,4.8515625,7.749019607843137,4.609375,7.701960784313726,0.2757199552481879,0.29423663552161494,0.2728250673610494,0.29378977431261183,0.8865568615811825,0.8824920951794338,0.8874713789467993,0.8826654576560253,0.9415714851147429,0.939410504081913,0.9420569934705646,0.939502771499917,0.7992629309538893,0.6548470901805679,0.8092836220012798,0.656943160483115
image29.jpg,defect,1635.5859375,2678.0,1607.6953125000002,2414.0000000000005,0.9748472005428599,0.9588164734106357,0.9752761155153324,0.962876387906376,6.4140625,10.501960784313725,6.304687500000001,9.466666666666669,0.3123206044078636,0.3393645541572391,0.31112758717603894,0.3304894809312626,0.8698244116408054,0.8614598778661565,0.8702319396949192,0.8652019247321698,0.932643775318747,0.9281486291893969,0.9328622297504167,0.9301623109609257,0.7619311336810606,0.5842171837628823,0.7659907733016027,0.6252054823015676
image3.jpg,defect,1147.5,1806.0,1033.9453125,1880.0,0.9823532125611294,0.9722264940177776,0.9840995092347676,0.9710884876818504,4.5,7.08235294117647,4.0546875,7.372549019607844,0.23752107233377878,0.2507119449185853,0.232243649157405,0.25334387444240636,0.9067724445112757,0.904071967824755,0.9084601827384599,0.9029984538818582,0.9522459999975194,0.9508269915314537,0.9531317761665802,0.9502623079349503,0.7674711628759027,0.5970440989488647,0.7904818290496414,0.5805331705558503
image30.jpg,defect,1637.5781250000002,2536.0000000000005,1450.3125000000002,2352.0,0.9748165637591117,0.961000215298496,0.9776964214314274,0.963829852674315,6.421875000000001,9.945098039215688,5.687500000000001,9.223529411764705,0.3135314585805943,0.3358916253175296,0.3053461748141396,0.3295410380109177,0.8691425853525389,0.8628077927618116,0.8718857272631021,0.8654247634623125,0.9322781695140882,0.9288744763216458,0.9337482140615329,0.9302820881121556,0.7631046854623451,0.6088730450661085,0.7901949039131233,0.6372513414808701
image31.jpg,defect,1416.4453125,2054.0,1167.421875,2198.0,0.9782172467551441,0.9684126349460216,0.9820468447236491,0.9661981361301633,5.5546875,8.054901960784314,4.578125,8.619607843137254,0.27204676359942237,0.2843129902602379,0.2608397799211952,0.2893210196433633,0.8905029043441824,0.8880382720927286,0.8941803839719098,0.8859685480446182,0.9436646143329644,0.9423578259306433,0.945611116671071,0.9412590228224207,0.7529940334862751,0.6118077574256185,0.7964198363192084,0.5845927219189434
image32.jpg,defect,1151.484375,1748.0,954.2578125,1824.0,0.9822919389936334,0.9731184449297204,0.9853249805846892,0.9719496816657953,4.515625,6.854901960784313,3.7421875,7.152941176470588,0.21122319552284594,0.2192343671670712,0.20232911694736386,0.2217494663572004,0.920480062975328,0.9188484727061325,0.9234149289598652,0.9177438957985138,0.9594165221504829,0.9585658416124229,0.9609448105691946,0.957989507144266,0.7149572711719177,0.5111676030703489,0.763779468670153,0.48991402059514677
image33.jpg,defect,2059.921875,2924.0,1671.4453125,2842.0,0.9683215656045274,0.9550333712668778,0.9742957384353951,0.9562944053147971,8.078125,11.466666666666667,6.5546875,11.145098039215686,0.32645008416574917,0.3438059842143927,0.31086527361984384,0.3412803564512864,0.8653855394409603,0.8597397182434048,0.8710169794595227,0.860888949552275,0.9302610060842926,0.9272215044116507,0.9332829043004713,0.9278410152349782,0.6952164903951874,0.5379200495391792,0.7526950052626327,0.5508785160021707
image34.jpg,defect,2107.734375,2922.0,1685.390625,2948.0,0.9675862827945746,0.9550641281948758,0.9740812809491588,0.9546642881309014,8.265625,11.458823529411765,6.609375,11.56078431372549,0.3577562893111881,0.37584260397874014,0.3402757926578085,0.3766894192449664,0.8477051006523934,0.8425659155433814,0.8538213179726547,0.84220216463635,0.9207090206207352,0.91791389331646,0.924024522387071,0.9177157319324705,0.7319618803973404,0.6075985665599214,0.7856708419812382,0.6041069726963205
image35.jpg,defect,2049.9609375,2948.0,2049.9609375,3314.0,0.9684747495232676,0.9546642881309014,0.9684747495232676,0.9490357703072617,8.0390625,11.56078431372549,8.0390625,12.996078431372549,0.38157279779382125,0.40490534823293534,0.38157279779382125,0.41694709196197727,0.8327000141547122,0.8261685833724673,0.8327000141547122,0.8210820215984712,0.9125239800436546,0.9089381625679864,0.9125239800436546,0.9061357633370792,0.7694950057855199,0.6527286785248835,0.7694950057855199,0.6096142607298045
image36.jpg,defect,2334.84375,3254.0,2024.0625,3312.0,0.964093689447298,0.9499584781472027,0.968873027711992,0.9490665272352597,9.15625,12.760784313725491,7.9375,12.988235294117647,0.3688696519451564,0.3888938485092477,0.35675126888477804,0.3906589291766789,0.8430651822616302,0.8365420673236466,0.8475242094386773,0.8357401702033687,0.9181858103138113,0.9146267366109776,0.9206107806443923,0.9141882575287044,0.7064448353798508,0.5683027380485807,0.7455187310118843,0.5606080726542407
image37.jpg,defect,1195.3125,1730.0,1103.671875,2054.0,0.9816179297511765,0.9733952572817026,0.9830272218035863,0.9684126349460216,4.6875,6.784313725490196,4.328125,8.054901960784314,0.2394715304690487,0.24771397203623252,0.23529877994618978,0.2590592298104971,0.9061765161123426,0.9052914347999417,0.907536002998396,0.9005986940521058,0.951933041821925,0.9514680419225554,0.9526468406489342,0.9489987850635563,0.757421676319149,0.6133604192043202,0.7760193478013476,0.5409493069628173
image38.jpg,defect,2320.8984375,3578.0,2727.3046875,3812.0,0.9643081469335344,0.9449758558115215,0.9580582430489343,0.9413772952357518,9.1015625,14.03137254901961,10.6953125,14.949019607843136,0.41728354575623733,0.45229971115378137,0.43298106422338933,0.45955539450912364,0.8133145764624785,0.8017593467511166,0.8075497939869882,0.7985697084831624,0.9018395513961885,0.895410155599721,0.8986377434689622,0.8936272760402754,0.7655932723710799,0.6237438016876424,0.7245469440995779,0.5991367725079074
image39.jpg,defect,1410.46875,2320.0,1434.375,2164.0,0.9783091571063882,0.9643219635222834,0.9779415157014117,0.9667210039061298,5.53125,9.098039215686274,5.625,8.486274509803922,0.2533733139810922,0.2727449435122784,0.2543780303903804,0.2677769690052603,0.9005768181295956,0.8943302401805948,0.9002252556295957,0.8965638816644177,0.9489872592029861,0.9456903511089636,0.9488020107638873,0.9468705728157454,0.7226281385720733,0.4993472577837733,0.7179269205817693,0.5330118387258989
image4.jpg,defect,2759.1796875,3898.0,2561.953125,3702.0,0.9575680545089656,0.9400547473318365,0.9606010961000215,0.9430689262756436,10.8203125,15.28627450980392,10.046875,14.51764705882353,0.3776936486802583,0.4000859332488601,0.3708059323193833,0.3948408603094002,0.840760942962893,0.8314836935665326,0.8435458271946187,0.8341456218669631,0.9169301734390101,0.9118572769718585,0.9184475092211959,0.9133157295628731,0.6422419955866588,0.4655473426751602,0.6678145894039301,0.49242079594239174
image40.jpg,defect,1763.0859375,2758.0,1765.078125,2556.0,0.9728864463829854,0.9575861962907144,0.9728558095992372,0.9606926460185157,6.9140625,10.815686274509805,6.921875,10.023529411764706,0.3227451923378992,0.3475418880969064,0.3228279784877542,0.3408505187579736,0.8650330791304728,0.8573633241052261,0.8650041042094688,0.8602159511299073,0.9300715451676138,0.9259391578852393,0.9300559683209763,0.9274782752873014,0.7503044424478316,0.5842584336663269,0.7500223005748913,0.6147079610047613
image41.jpg,defect,1689.375,2502.0,1713.28125,2728.0,0.9740200073816627,0.9615230830744624,0.9736523659766863,0.9580475502106849,6.625,9.811764705882352,6.71875,10.698039215686276,0.3244153155439624,0.34417591492607363,0.32543025518972835,0.3518117792459747,0.8633194264225299,0.8581604339028507,0.8629710177575931,0.8549643910949578,0.9291498406729293,0.9263694910255037,0.9289623338745189,0.9246428451542562,0.7667308253984435,0.6329972986642421,0.7634298465125724,0.5998467748825149
image42.jpg,defect,1101.6796875,1856.0,962.2265625,1580.0,0.9830578585873343,0.9714575708178267,0.985202433449697,0.975702026881555,4.3203125,7.2784313725490195,3.7734375,6.196078431372549,0.19558656083737536,0.20721338698041986,0.18941556404100474,0.1984022122579771,0.9278963408567319,0.9240369683620634,0.9299728784264166,0.9280572040357706,0.9632737621552514,0.9612684163968269,0.9643510141159269,0.9633572566995956,0.6944468757608974,0.40825227192011937,0.7331244864240748,0.49624924010441196
image43.jpg,defect,1410.46875,2316.0000000000005,1412.4609375,2130.0000000000005,0.9783091571063882,0.9643834773782796,0.9782785203226401,0.9672438716820966,5.53125,9.082352941176472,5.5390625,8.35294117647059,0.2844913990440675,0.30735477591500016,0.2845794424945495,0.3008551338878621,0.8834760786303645,0.87707818431411,0.8834467714303093,0.8797430438504341,0.9399340820665907,0.936524524139176,0.9399184919078405,0.9379461838775368,0.7723983598958714,0.5978803781579247,0.7720768886527865,0.6301749591866924
image44.jpg,defect,2113.7109375,3118.0,2163.515625,3222.0,0.9674943724433304,0.9520499492510689,0.9667284528496294,0.9504505889951712,8.2890625,12.227450980392156,8.484375,12.635294117647058,0.3810423311141147,0.40720218626261,0.3830507484846793,0.4105787737683391,0.8337173305864931,0.8257571560105902,0.8330017807904412,0.824313712718957,0.9130812289092867,0.9087118113079582,0.9126893123020786,0.9079172389149559,0.7589159806838395,0.6271071564611365,0.7532353958743164,0.6146694221032014
image45.jpg,defect,2846.8359375000005,4206.000000000001,3179.5312500000005,4492.0,0.956220036024052,0.9353181804201397,0.9511036931381294,0.9309199397164212,11.164062500000002,16.49411764705883,12.468750000000002,17.6156862745098,0.4381216329592901,0.4719362398910548,0.4499073483388213,0.47985936125582224,0.8054093931345517,0.792792111040012,0.8007671497290707,0.7889821377369276,0.8974460391213233,0.8903887415281103,0.8948559379749741,0.8882466649174247,0.7133400165366198,0.5591078920841795,0.6798395146203255,0.5291280673424003
image46.jpg,defect,2388.6328125,3266.0,2239.21875,3548.0,0.963266496286101,0.9497739365792145,0.9655642550672039,0.945437209731492,9.3671875,12.8078431372549,8.78125,13.913725490196079,0.3894557150791979,0.40937245845209597,0.38365774760494115,0.4180797701278903,0.8312498225967777,0.82519054342953,0.833384081918613,0.821308204501241,0.9117290291510838,0.9083999908793098,0.9128987248970244,0.9062605610425961,0.7245609361534111,0.604840917003096,0.7417902353931894,0.5707212411288991
image47.jpg,defect,2283.046875,3140.0,2553.984375,3886.0,0.964890245824747,0.9517116230430904,0.9607236432350137,0.9402392888998248,8.953125,12.313725490196077,10.015625,15.239215686274509,0.3873157741412319,0.4074134266713854,0.3976387324994228,0.4300842777804487,0.8315773122304222,0.8257430400072372,0.8277205924591803,0.8155101428028525,0.911908609582354,0.9087040442340054,0.90979151043477,0.9030560020302465,0.7390444748480081,0.6236224458195204,0.708075930850913,0.5342028103358778
image48.jpg,defect,1629.609375,2450.0,1625.625,2574.0,0.974939110894104,0.9623227632024114,0.9750003844616,0.9604158336665334,6.390625,9.607843137254903,6.375,10.094117647058823,0.2988816802800074,0.31732836715098267,0.29871450739986044,0.3214027374939964,0.8774569769026638,0.8723275581612431,0.8775151839324119,0.8705679358824667,0.9367267354477846,0.9339847740521486,0.9367578043082491,0.9330423012288708,0.7445589492030122,0.5878342936210993,0.7451834994494596,0.56697366195131
image49.jpg,defect,2111.71875,2786.0,1878.6328125,3246.0,0.9675250092270784,0.957155599298742,0.9711095129255991,0.9500815058591947,8.28125,10.925490196078432,7.3671875,12.729411764705882,0.3548806104925885,0.368083175023865,0.34548477255446286,0.3827241360050236,0.8494372136205126,0.8462853781284548,0.8528018008961399,0.8398674094679522,0.9216491814245334,0.9199377033954282,0.9234726855170866,0.9164428020711125,0.7274218761568242,0.6198486294584911,0.7575083294489483,0.55708135363326
image5.jpg,defect,1705.3125,2456.0,1414.453125,2386.0,0.9737749131116784,0.9622304924184173,0.9782478835388921,0.9633069848983484,6.6875,9.631372549019607,5.546875,9.35686274509804,0.2779176994803166,0.29099746368799884,0.26592523901648846,0.28879505437357483,0.8895891496246936,0.8856406029621293,0.8938475816280097,0.8866369511859293,0.9431803378064524,0.9410848011535036,0.9454351281965409,0.9416140139069349,0.6910036405763624,0.5158667124898697,0.7437062906649735,0.5296652996746046
image50.jpg,defect,2709.375,4288.0,3201.4453125,4286.0,0.9583339741026667,0.9340571463722205,0.9507666885169009,0.9340879033002183,10.625,16.815686274509805,12.5546875,16.807843137254903,0.4918979006376527,0.5388075670617982,0.5106594187429462,0.5387456417876462,0.7689183213975695,0.7527825806210341,0.7620388018392867,0.752809282444084,0.8768798785452712,0.867630440118968,0.8729483385855584,0.8676458277684991,0.7820223810223236,0.6447413770248415,0.7424337987521132,0.6449070760094381
image51.jpg,defect,1912.5,2762.0,1796.953125,2920.0,0.9705886876018823,0.9575246824347184,0.9723656210592686,0.955094885122874,7.5,10.831372549019608,7.046875,11.450980392156861,0.3442181483713969,0.36439447149477255,0.33942621113825355,0.36958432077324893,0.8538905728115389,0.848221742059105,0.8555661640805219,0.8460042306503534,0.924061996194811,0.920989545032464,0.9249681962535371,0.9197848828124723,0.7498206394810694,0.6177003812126347,0.7649356425124214,0.5958309605868549
image52.jpg,defect,1583.7890625,2346.0,1486.171875,2504.0,0.9756437569203087,0.963922123458309,0.9771449593239627,0.9614923261464645,6.2109375,9.200000000000001,5.828125,9.819607843137256,0.2884191958735099,0.3044823590409931,0.2842708918636911,0.30967594163087675,0.882920358812566,0.8786611836662355,0.884350708430201,0.8764125823312567,0.9396384191871712,0.9373692888431088,0.9403992282165065,0.9361690992183286,0.7389885164271653,0.5832072333941463,0.7550760166725351,0.555136791312422
image53.jpg,defect,2229.2578125,2994.0,2079.84375,3438.0,0.9657174389859442,0.9539568787869468,0.968015197767047,0.9471288407713837,8.7421875,11.741176470588234,8.15625,13.48235294117647,0.37336490411605083,0.38988778402536306,0.3674458688524881,0.4038441286693273,0.8395062760379122,0.8350247542386399,0.8416517990564026,0.8288720224572781,0.9162457508976029,0.9137968889412131,0.917415826687333,0.910424089343685,0.730872329598486,0.619634221338828,0.7489103772125285,0.5632272721986942
image54.jpg,defect,1500.1171875,2130.0000000000005,1430.390625,2452.0,0.9769305018377265,0.9672438716820966,0.9780027892689078,0.9622920062744132,5.8828125,8.35294117647059,5.609375,9.615686274509805,0.28040425514252004,0.2921766322330421,0.277402575458359,0.30301835843449265,0.8866366690958706,0.8842753267493457,0.8876606470655818,0.8796723247690644,0.9416138641162154,0.9403591477458736,0.942157442822367,0.9379084842185107,0.7459986112141047,0.6102305160270408,0.7578047846636483,0.5513076175109409
image55.jpg,defect,2203.359375,3086.0,2225.2734375,3338.0,0.9661157171746686,0.9525420600990374,0.9657787125534403,0.9486666871712853,8.640625,12.101960784313727,8.7265625,13.090196078431372,0.3751644206633754,0.39592381453385067,0.37602468239600195,0.40389467193557627,0.8381866541902453,0.8320304426136046,0.8378725969841829,0.8285378748096325,0.9155253432812471,0.9121570273881601,0.9153538097283382,0.9102405587588549,0.7374832313489347,0.6134129386868952,0.7348723050784446,0.5818445850087025
image56.jpg,defect,2458.359375,3520.0,2498.2031250000005,3664.0000000000005,0.9621942088549196,0.9458678067234645,0.9615814731799588,0.9436533079076062,9.640625,13.80392156862745,9.796875000000002,14.368627450980393,0.410623045662326,0.4373709211044208,0.41215352272203615,0.4418205602076687,0.8189340192361411,0.810227119637687,0.8183679809335653,0.8082572496515625,0.9049497329886015,0.9001261687328543,0.9046369332133004,0.8990312840227321,0.7387058391837347,0.6093459452881562,0.7344709257183171,0.5933646430499445
image57.jpg,defect,2316.9140625,3252.0,2283.046875,3520.0,0.9643694205010303,0.9499892350752006,0.964890245824747,0.9458678067234645,9.0859375,12.75294117647059,8.953125,13.80392156862745,0.38747244721980034,0.40976938496683524,0.38615338361525003,0.418090954594174,0.8318008707963883,0.8249063043655317,0.8322848596393212,0.8212140435738716,0.9120311786317331,0.908243527015487,0.9122964757354493,0.9062086093024451,0.73377337128887,0.6080088217752639,0.7376649041247161,0.5757045057346032
image58.jpg,defect,1992.1875,2768.0,2265.1171875,3554.0,0.9693632162519608,0.9574324116507242,0.9651659768784794,0.9453449389474979,7.8125,10.854901960784314,8.8828125,13.937254901960785,0.34849422759023574,0.3657224407610846,0.35915400216337984,0.3899016752940559,0.8521226478585461,0.8475136775980491,0.8482001490374796,0.8366012312716207,0.9231048953713473,0.9206050605976751,0.9209778222288958,0.9146590792593822,0.7407549339433207,0.6190083983461838,0.7052383598935555,0.5108221993216537
image59.jpg,defect,2175.46875,2922.0,1968.28125,3210.0,0.9665446321471411,0.9550641281948758,0.9697308576569372,0.9506351305631594,8.53125,11.458823529411765,7.71875,12.588235294117647,0.35718483031344905,0.37236531496698405,0.3489761794706434,0.3814290316622804,0.8486284238821906,0.8444857572746174,0.851611651486958,0.8404743621364686,0.9212103038297991,0.918959061805594,0.9228280725503305,0.9167738882278818,0.7189407719441528,0.6009079014656921,0.7457083174732811,0.5615723352857195
image6.jpg,defect,1123.59375,1718.0,906.4453125,1716.0,0.982720853966106,0.9735797988496909,0.9860602633946421,0.973610555777689,4.40625,6.737254901960784,3.5546875,6.729411764705882,0.1955134696913179,0.20178274280959257,0.18585543104380706,0.20171922540671217,0.9280621053951607,0.9265397343848321,0.9312973103418757,0.9265688674734128,0.9633598005912228,0.9625693400398914,0.9650374657710837,0.9625844729027229,0.6855834086057182,0.4465463611475838,0.7463483172262444,0.44719066107639915
image60.jpg,defect,1647.5390625,2562.0,1806.9140625,2838.0,0.9746633798403714,0.9606003752345216,0.9722124371405283,0.9563559191707932,6.4609375,10.047058823529412,7.0859375,11.129411764705882,0.308480253196876,0.3307606399408711,0.3150802256459602,0.3396143546671506,0.8721570143356822,0.865637994436529,0.8698362422768585,0.8617459592996571,0.9338934705498707,0.9303966866001453,0.9326501178238592,0.9283027304169998,0.7543624252500869,0.5917673270597738,0.7306006284181727,0.5477890999982975
image61.jpg,defect,1276.9921875000002,2032.0000000000002,1105.6640625,1912.0000000000002,0.980361821617507,0.968750961154,0.9829965850198382,0.9705963768338819,5.007812500000001,7.968627450980393,4.3359375,7.498039215686275,0.21301819707627145,0.2241702871025621,0.20573388785842975,0.2205461533542788,0.9203726659743249,0.9165065944973403,0.9229109249972967,0.9182401057411304,0.9593605505618442,0.9573435091425336,0.9606825308067679,0.9582484572078007,0.6747223954932918,0.41282837928442273,0.7183633845534741,0.44750386869675995
image62.jpg,defect,2193.3984375,3464.0,2318.90625,3234.0,0.9662689010934088,0.9467290007074094,0.9643387837172823,0.950266047427183,8.6015625,13.584313725490196,9.09375,12.682352941176472,0.3880766166027343,0.4223905836705359,0.39304044548858985,0.4151220686975631,0.8302203939365268,0.8185927703847972,0.8284241863105536,0.8217655269666044,0.9111643067726736,0.9047611675933032,0.9101781069167472,0.906512838831643,0.7541172987387134,0.5932619896329702,0.7400477163777133,0.6202682663028365
image63.jpg,defect,1679.4140625,2374.0,1902.5390625,2996.0,0.9741731913004029,0.9634915264663365,0.9707418715206225,0.9539261218589487,6.5859375,9.309803921568626,7.4609375,11.749019607843138,0.32016003935903525,0.3355500505918515,0.3293852084852318,0.35607989604329593,0.8657097682344231,0.8622540446026659,0.8624674155335389,0.8534784507954752,0.9304352574115101,0.9285763536740885,0.9286912379976129,0.9238389744947305,0.7633355703282843,0.6440567858013029,0.7318926093280088,0.5507978644737588
image64.jpg,defect,2213.3203125,3070.0,1944.375,3070.0,0.9659625332559284,0.9527881155230217,0.9700984990619136,0.9527881155230217,8.6796875,12.03921568627451,7.625,12.03921568627451,0.3187029219494849,0.3332155450607176,0.3086775815979975,0.3332155450607176,0.8706054701579621,0.8652163959651753,0.8744770420518851,0.8652163959651753,0.9330624149315854,0.9301700898035666,0.9351347721328114,0.9301700898035666,0.6473299868831076,0.4742472397886264,0.6901836788460062,0.4742472397886264
image65.jpg,defect,2719.3359375000005,3640.0,2267.109375,3698.0,0.9581807901839265,0.9440223910435825,0.9651353400947313,0.9431304401316396,10.664062500000002,14.27450980392157,8.890625,14.501960784313725,0.41981097818080104,0.4404056426395928,0.4024926602125112,0.44217088802702587,0.8156276235026794,0.808977241030976,0.8220489621629903,0.808185933633014,0.9031210458751802,0.8994316210979999,0.9066691580521477,0.8989916204464945,0.7101909885461513,0.594881101554521,0.7583863333080733,0.5884259103155547
image66.jpg,defect,1844.765625,2624.0,1824.84375,2814.0,0.9716303382493157,0.9596469104665827,0.971936706086796,0.9567250023067696,7.234375,10.290196078431372,7.15625,11.035294117647059,0.2825388807042617,0.29521970679946624,0.2817794285396202,0.30067796593019536,0.887980475508218,0.8836827719974617,0.8882695582828719,0.8810051800086945,0.9423271594877323,0.9400440266271903,0.9424805346970684,0.938618761803052,0.6640774742930907,0.4799239430037295,0.6677051473568801,0.4422659968035423
image67.jpg,defect,3259.21875,4458.0,3010.1953125,4622.0,0.9498782217882078,0.9314428074923877,0.9537078197567127,0.9289207393965491,12.78125,17.48235294117647,11.8046875,18.12549019607843,0.49083993128726183,0.520414287212948,0.48181023344366924,0.5251436152770398,0.7756331924620338,0.7650988406109441,0.7790936112688029,0.7629289172043816,0.8807003988088309,0.8746992858182429,0.8826627959015849,0.873458022577148,0.7164316958339436,0.5991757137072958,0.7380979782427192,0.5844302711429165
image68.jpg,defect,2430.46875,3110.0,2040.0000000000005,3594.0,0.9626231238273921,0.952172976963061,0.9686279334420078,0.9447298003875373,9.53125,12.19607843137255,8.000000000000002,14.094117647058823,0.3981630343000271,0.41193641203712666,0.38263411771745526,0.4272504643299159,0.8263381201228194,0.8229845587736418,0.8319301850737999,0.8163086621668741,0.9090314186664944,0.9071849639261235,0.9121020694383934,0.9034980144786563,0.7285223487764959,0.6362221402745047,0.7721367911042065,0.5796084797898939
image69.jpg,defect,2131.6406250000005,3054.0000000000005,2089.8046875,3364.0000000000005,0.967218641389598,0.9530341709470058,0.9678620138483068,0.948266847107311,8.359375000000002,11.976470588235296,8.1953125,13.192156862745101,0.36179997530771923,0.3834695345439163,0.3601432765755136,0.3930680602173301,0.8455230001869775,0.8388612969222942,0.8461246139367972,0.8345644442493284,0.9195232461373543,0.9158937148612246,0.9198503214854019,0.9135449875344555,0.7329810258059205,0.5964310452365076,0.7382215851125332,0.5554662855846796
image7.jpg,defect,1557.890625,2312.0,1354.6875,2352.0,0.9760420351090333,0.9644449912342755,0.9791669870513333,0.963829852674315,6.109375,9.066666666666666,5.3125,9.223529411764705,0.2864869263588017,0.30241318518500626,0.27766947281146687,0.30375750029994275,0.8837692590439975,0.8796222056964752,0.8867542850856642,0.8790511799427689,0.9400900270952763,0.9378817653075867,0.9416763165152154,0.9375772927832504,0.7419573519450524,0.5869784243316644,0.7756150886478717,0.5798327223304819
image70.jpg,defect,1731.2109375,2454.0000000000005,1779.0234375,2960.0,0.973376634922954,0.9622612493464153,0.9726413521130011,0.9544797465629133,6.7890625,9.623529411764707,6.9765625,11.607843137254903,0.3184671474902162,0.33416413978289017,0.32045063527798967,0.35063001348582323,0.8672065384632714,0.8633943592215517,0.8665109376126371,0.8562606368679956,0.9312392487772793,0.929190163110626,0.9308656925747328,0.925343523707815,0.7508968462141321,0.6237000925533828,0.744017127352382,0.546109321091285
image71.jpg,defect,2743.2421875,3696.0,2358.75,3786.0,0.9578131487789499,0.9431611970596377,0.9637260480423215,0.9417771352997263,10.7578125,14.494117647058824,9.25,14.847058823529412,0.4152018697321728,0.4361827642722649,0.40073396480325796,0.43885728126505885,0.8186321343315973,0.8115962835102757,0.8240811794329405,0.8103714578177352,0.9047829211095871,0.9008863876817519,0.9077891712467937,0.9002063418004426,0.7007132884493074,0.5783243717966141,0.7426612443892374,0.5680562964345188
image72.jpg,defect,1964.296875,3076.0,2281.0546875,3336.0,0.9697921312244333,0.9526958447390276,0.964920882608495,0.9486974440992834,7.703125,12.062745098039215,8.9453125,13.08235294117647,0.3716193096684632,0.40225681644456673,0.38439078822438977,0.41058944875404446,0.837889852028817,0.8283855200754567,0.8333365674222354,0.824781339209286,0.915363235021386,0.9101568656421027,0.9128727005570029,0.9081747294487367,0.7725522015918436,0.6261882760315794,0.7358745140189259,0.5945917063853542
image73.jpg,defect,4342.96875,5824.0,3119.765625,4848.0,0.9332118114292745,0.910435825669732,0.9520227966505705,0.9254452065327715,17.03125,22.83921568627451,12.234375,19.011764705882353,0.5331933238955572,0.5638933425007053,0.49236966678526817,0.5386817513645763,0.7566429997627114,0.7430866757100049,0.7732953577800605,0.7556328875372661,0.8698522861743316,0.8620247535366979,0.8793721383919668,0.8692714694140525,0.6310570725701519,0.48927596532090784,0.7349703558003935,0.5748643337698767
image74.jpg,defect,1434.375,2192.0,1153.4765625,1968.0,0.9779415157014117,0.9662904069141575,0.9822613022098853,0.969735182849937,5.625,8.596078431372549,4.5234375,7.7176470588235295,0.272418917837351,0.2886727590303313,0.25979033463546847,0.28079030438864444,0.89046172333057,0.8862797694259197,0.894609655653775,0.8895042140506986,0.9436427943510034,0.9414243301646287,0.9458380705246406,0.9431353105735669,0.7492347920080115,0.5845770876025225,0.7983429785731092,0.6270290640518996
image75.jpg,defect,2233.2421875,3358.0,1954.3359375,3014.0,0.965656165418448,0.9483591178913051,0.9699453151431736,0.9536493095069664,8.7578125,13.168627450980392,7.6640625,11.819607843137256,0.3639118357059949,0.3908481173176555,0.3528496116909148,0.3801883781840101,0.8451572421439469,0.8357525606704074,0.8491702344425822,0.8405244235019772,0.9193243400149628,0.914195034262606,0.92150433229724,0.9168011908270938,0.7177436972954079,0.5520039911567618,0.7529942614155176,0.5978975668095533
image76.jpg,defect,2412.5390625,3588.0,2028.046875,3170.0,0.9628988548811244,0.9448220711715314,0.9688117541444962,0.9512502691231199,9.4609375,14.070588235294117,7.953125,12.431372549019608,0.41523850842250953,0.4464396347375884,0.39960446117167053,0.4328674043578937,0.8155940257728397,0.8052537493564492,0.8211032152597559,0.8110139580479575,0.9031024447828938,0.8973593200922634,0.9061474577902627,0.9005631338490142,0.7504606060606059,0.6130850746268658,0.790230303030303,0.658160447761194
image77.jpg,defect,2591.8359375000005,3516.0,2669.53125,3964.0,0.9601415443438011,0.9459293205794606,0.9589467097776274,0.9390397687079015,10.164062500000002,13.788235294117646,10.46875,15.545098039215686,0.4425790924904846,0.46606616363107367,0.44556877771048664,0.4801946147113133,0.8001239316383724,0.7931522528894559,0.799025757821511,0.7870551308675087,0.8944964682089988,0.8905909571118807,0.8938824071551643,0.887161276695229,0.753356116106927,0.6527198246436372,0.7459624869971425,0.608470245986171
image78.jpg,defect,2061.9140625,3660.0,2631.6796875,3354.0,0.9682909288207794,0.9437148217636022,0.9595288086688402,0.9484206317473011,8.0859375,14.352941176470589,10.3203125,13.152941176470588,0.39313631023084605,0.4399226336941526,0.4155585166795547,0.4303475027474488,0.8256149631076389,0.8093324167604184,0.817485179791126,0.8135306934413332,0.9086335692167877,0.8996290439733582,0.9041488703698778,0.9019593635199611,0.7793057918602182,0.5907947384942966,0.7183216918331867,0.6250069816693635
image79.jpg,defect,2107.734375,3086.0,1826.8359375,2874.0,0.9675862827945745,0.9525420600990374,0.9719060693030481,0.9558022944668286,8.265625,12.101960784313727,7.1640625,11.270588235294118,0.34033502878482214,0.3619979676337818,0.3291520553546308,0.3554174936166362,0.857855758227004,0.8505528593163751,0.8619142230076774,0.8535143157461249,0.9262050303399372,0.9222542270525926,0.9283933557537329,0.9238583851143664,0.7074019797496404,0.5447207673161507,0.7463966119380153,0.5759972408511397
image8.jpg,defect,1171.40625,1794.0,1153.4765625,1966.0,0.9819855711561529,0.9724110355857656,0.9822613022098853,0.9697659397779349,4.59375,7.035294117647059,4.5234375,7.709803921568628,0.20110219914890695,0.20826820796252954,0.20034437278549216,0.21344852997665326,0.9256201810151143,0.9236806446401223,0.9258860577587347,0.9211884602985188,0.9620915658164322,0.9610830581381207,0.962229732319021,0.9597856324713966,0.6822222717476832,0.44253884389360604,0.6870862165678717,0.38909217786779793
image80.jpg,defect,1424.4140625,2054.0,1139.53125,2094.0,0.9780946996201519,0.9684126349460216,0.9824757596961216,0.9677974963860609,5.5859375,8.054901960784314,4.46875,8.211764705882352,0.237118470301078,0.24542155705817392,0.224955883469525,0.2466857072375447,0.9091400632231292,0.9070204590817036,0.9133484421744341,0.9064445518765814,0.9534883655415671,0.952376217196599,0.9556926504763098,0.9520738164011135,0.6845120849738774,0.4936991043098492,0.7476096679791019,0.4838393010831667
image81.jpg,defect,1308.8671875,1940.0,1195.3125,2122.0,0.9798716330775382,0.9701657798419094,0.9816179297511765,0.9673668993940886,5.1328125,7.607843137254902,4.6875,8.321568627450981,0.25278389251058925,0.2643470191380237,0.24772008633012993,0.2706018328864367,0.9000503613957073,0.8977430927477247,0.9017294322083153,0.8951190131970951,0.9487098404653065,0.9474930568335183,0.9495943513986987,0.9461072947594765,0.7491007289411887,0.5930469487913611,0.7708682456083915,0.5548688790387982
image82.jpg,defect,1446.328125,2124.0,1143.515625,2138.0,0.9777576949989235,0.9673361424660905,0.9824144861286255,0.9671208439701043,5.671875,8.329411764705883,4.484375,8.384313725490195,0.2917254109194609,0.3067718361190723,0.2777793438266648,0.3072788016370867,0.8797303658749038,0.8765714045155494,0.8842017530817473,0.8763702144548254,0.9379394254827461,0.9362539209613754,0.9403200269492017,0.93614647062029,0.7742361124660981,0.6442999626006971,0.821503482858871,0.6419554237477827
image83.jpg,defect,1348.7109375,1998.0,1103.671875,2048.0,0.9792588974025773,0.9692738289299665,0.9830272218035864,0.9685049057300158,5.2890625,7.835294117647059,4.328125,8.03137254901961,0.27187547995179284,0.28535249781727023,0.26058176396435445,0.2871530269084052,0.8899446980653475,0.887271257956711,0.8935709579098184,0.8865501677777202,0.9433688027835919,0.9419507725760997,0.9452888224822181,0.9415679305168163,0.7688825829414644,0.6295594697392682,0.8108728965281703,0.6202891861992099
image84.jpg,defect,1625.625,2432.0000000000005,1388.5546875,2386.0,0.9750003844616,0.9625995755543937,0.9786461617276166,0.9633069848983484,6.375,9.537254901960786,5.4453125,9.35686274509804,0.2982769521443112,0.31624699105181053,0.2880076800921084,0.314697641694772,0.8777624291138023,0.8728338654239544,0.8812392628811635,0.8734888696433412,0.9368897635868386,0.9342557815844408,0.938743448915178,0.934606264500373,0.7445397175486838,0.5897392388114202,0.781794342072834,0.5974991051825859
image85.jpg,defect,1623.6328125,2412.0,1446.328125,2358.0,0.975031021245348,0.9629071448343739,0.9777576949989235,0.9637375818903208,6.3671875,9.458823529411763,5.671875,9.247058823529413,0.2879374223168167,0.3043195475660865,0.28042510587990266,0.3025359209673684,0.8835268295622477,0.8789239802926773,0.8861248115208092,0.8796935113088287,0.9399610787486085,0.937509456108405,0.9413420268535817,0.9379197787171506,0.7289688394043379,0.5654396631692808,0.7585661072485267,0.575168625934148
image86.jpg,defect,2974.3359375,4044.0000000000005,2729.296875,4158.000000000001,0.9542592818641774,0.9378094915879802,0.9580276062651862,0.9360563466920925,11.6640625,15.858823529411767,10.703125,16.30588235294118,0.4356007875002528,0.45954924975159195,0.4267491482603054,0.4628008345729403,0.8080039955147961,0.7994022702947039,0.8114418362416198,0.7978702367010234,0.8988904246429573,0.8940929874988977,0.900800663988221,0.8932358236776128,0.6916589849302033,0.5628755363180222,0.71706149320454,0.5505530365999842
image87.jpg,defect,1282.96875,2030.0,1161.4453125,2054.0,0.9802699112662627,0.9687817180819981,0.9821387550748931,0.9684126349460217,5.03125,7.96078431372549,4.5546875,8.054901960784314,0.23023186989884176,0.24353164197589194,0.22495001131452474,0.24429562184061102,0.9117366409741744,0.9078844617920444,0.9135352590312319,0.9075385541981681,0.9548490147526856,0.9528297129036459,0.9557903844626351,0.9526481796540464,0.7137297366849097,0.49542489057624634,0.7408453982722086,0.4894594705633547
image88.jpg,defect,1342.734375,1938.0,1023.984375,2056.0,0.9793508077538217,0.9701965367699075,0.9842526931535078,0.9683818780180237,5.265625,7.6,4.015625,8.062745098039215,0.26841572332704045,0.279697104418997,0.2535832320785518,0.28394518084606446,0.8918108476157007,0.8899378614766952,0.8965343914449972,0.8882346374630998,0.9443573728285817,0.9433651792793155,0.9468550002217854,0.9424620084985388,0.7652559025186106,0.6327145966120842,0.8209815042946081,0.6103515018753586
image89.jpg,defect,1306.875,2100.0,1205.2734375,1886.0000000000002,0.9799022698612863,0.9677052256020668,0.9814647458324363,0.9709962168978563,5.125,8.235294117647058,4.7265625,7.396078431372549,0.24326324529064022,0.25932153172388245,0.2388055731024819,0.2520898951650483,0.9051196824088091,0.9005364900762003,0.9066218174425101,0.9036257927591509,0.9513777811199972,0.9489660110226289,0.9521669062945373,0.950592337839492,0.732689819922827,0.5265402167441523,0.7534715564837049,0.5747880232283197
image9.jpg,defect,1705.3125,2410.0,1414.453125,2510.0,0.9737749131116784,0.9629379017623719,0.9782478835388921,0.9614000553624704,6.6875,9.450980392156863,5.546875,9.843137254901961,0.2973583165912618,0.31090094007331914,0.2850076055676082,0.3141914122283658,0.8789661146704393,0.8755423723256706,0.8832245466737554,0.8741208624547889,0.9375319272805803,0.9357042119845729,0.9398002695646323,0.9349443098146483,0.7253765277443343,0.5824799776942196,0.7722165124982212,0.5651554954408677
image90.jpg,defect,2818.9453125,3556.0,2719.3359375000005,4306.0,0.9566489509965245,0.9453141820195,0.9581807901839265,0.9337803340202381,11.0546875,13.945098039215686,10.664062500000002,16.886274509803922,0.4675986641539472,0.4847281294002184,0.4637926131049274,0.5082559672007643,0.7863692327995843,0.7819175006921452,0.7877706243917605,0.7717780236832579,0.8867746234526472,0.8842609912758479,0.887564433938044,0.8785089775769271,0.748187076824434,0.6713274904598096,0.7570850599755142,0.6020067980652252
image91.jpg,defect,2314.921875,3832.0,2803.0078125,3760.0,0.9644000572847784,0.9410697259557715,0.9568940452665088,0.9421769753637007,9.078125,15.027450980392159,10.9921875,14.745098039215687,0.43858656269447727,0.4838124773123874,0.4577554911332691,0.48153807289876666,0.7994895048629133,0.7842122057275165,0.7925741629947015,0.7851901931664707,0.8941417700023376,0.8855575677094722,0.8902663438514912,0.8861095830462904,0.7857681596314062,0.6324370682799704,0.7405987956982689,0.6393432611515366
image92.jpg,defect,1008.046875,1666.0,914.4140625,1588.0,0.9844977874234921,0.9743794789776398,0.98593771625965,0.9755789991695629,3.953125,6.533333333333333,3.5859375,6.227450980392156,0.17801109647037747,0.18557569847832267,0.17387172929701283,0.18318143960950167,0.9357841602576232,0.9333733009263141,0.9371815391578661,0.9345128119031496,0.9673593749262077,0.9661124680524075,0.9680813701119685,0.966702028498518,0.6833243184899693,0.3850323409137583,0.7127388580768693,0.41382434416029307
image93.jpg,defect,1304.8828125,1832.0,1149.4921875000002,2150.0,0.9799329066450344,0.9718266539538031,0.9823225757773815,0.966936302402116,5.1171875,7.184313725490195,4.507812500000001,8.431372549019608,0.2763562660912297,0.2861204810642605,0.26913940395887503,0.2978408405790808,0.8869637706013013,0.8860020091642509,0.8892632768008399,0.8814110622877279,0.9417875400541788,0.9412767973153544,0.9430075698534132,0.938834949438786,0.7850800733600025,0.6747351822904223,0.8106735913415594,0.6182754595657249
image94.jpg,defect,1243.125,1902.0,1149.4921875000002,2030.0,0.9808826469412235,0.970750161473872,0.9823225757773815,0.968781718081998,4.875,7.458823529411765,4.507812500000001,7.96078431372549,0.25075359219123516,0.2639627478435308,0.24649730735940686,0.26845855011242165,0.9005446241379518,0.8978100674909734,0.9019315916279196,0.8959606255601275,0.9489702967627341,0.9475283993057798,0.9497007905798118,0.9465519666453224,0.7631116991116991,0.6036289755266169,0.780954247415786,0.5769541642055901
image95.jpg,defect,1976.25,2944.0,2117.6953125,3208.0,0.9696083105219451,0.9547258019868975,0.9674330988758343,0.9506658874911574,7.75,11.545098039215686,8.3046875,12.580392156862745,0.35499160102767296,0.3792828787898045,0.3606671057889729,0.3876756685365195,0.8481077665441178,0.8407472281754821,0.846069473917784,0.8370713647088978,0.9209276662931339,0.9169226947652033,0.9198203487191311,0.9149160424371724,0.7517462548576767,0.6097923446982354,0.7339780936630143,0.5748008973478054
image96.jpg,defect,1663.4765625,2342.0,1392.5390625,2442.0,0.9744182855703871,0.963983637314305,0.9785848881601205,0.9624457909144034,6.5234375,9.184313725490197,5.4609375,9.576470588235294,0.2504983851413781,0.2586773574998536,0.23973737777492654,0.26154879838369105,0.9036219796397419,0.9008502108363077,0.9075928231854934,0.8994254845051906,0.9505903321829766,0.9491312927284126,0.9526766624545252,0.948380453460103,0.6419596905654386,0.4409923052586808,0.7002752379703493,0.4171234882330054
image97.jpg,defect,2958.3984375,3862.0,2342.8125,3782.0,0.9545043761341617,0.9406083720358009,0.9639711423123059,0.9418386491557222,11.6015625,15.145098039215686,9.1875,14.831372549019608,0.41287295231159526,0.4302716747571468,0.3904160358154867,0.4279794611160358,0.8215571473974853,0.8153580600487701,0.830252262219609,0.8164437289002943,0.9063978968408329,0.9029717936064061,0.9111817942757685,0.9035727579449783,0.6630312426865494,0.5387949704221972,0.7331479740063179,0.548348673779583
image98.jpg,defect,2410.546875,3368.0,2225.2734375,3400.0,0.9629294916648725,0.9482053332513148,0.9657787125534402,0.9477132224033463,9.453125,13.207843137254901,8.7265625,13.333333333333334,0.37338364877388286,0.3941794921300579,0.3663534661100662,0.39513664936964105,0.841001358120224,0.8339706639314929,0.8436474905047037,0.8335297666987279,0.9170612619232283,0.913219942802112,0.9185028527471777,0.9129785138209595,0.6993468877052396,0.5569881067221806,0.7224549368320269,0.5527789675936501
image99.jpg,defect,1605.7031250000002,2246.0,1288.9453125000002,2396.0,0.9753067522990804,0.9654599698582105,0.9801780009150187,0.9631532002583582,6.296875000000001,8.8078431372549,5.054687500000001,9.39607843137255,0.2687557688027996,0.2785763472673489,0.2553713620919642,0.28335600225694524,0.893811308300894,0.891438593709189,0.8984657803263769,0.8892964666681744,0.9454159445984047,0.9441602584885624,0.9478743483850467,0.9430251675688058,0.6992427291018841,0.5407688810124545,0.7585732577281875,0.5100989487559399
image1.jpg,premium,1675.4296875,2244.0000000000005,1541.953125,2722.0000000000005,0.974234464867899,0.9654907267862087,0.9762871293790176,0.9581398209946792,6.5703125,8.8,6.046875,10.674509803921572,0.30471864921087544,0.3145003243855444,0.2990593336814502,0.33047967102320314,0.8745663504947017,0.8730178639777296,0.8765174808817522,0.8662282470543005,0.9351825225562663,0.9343542497242304,0.9362251229708335,0.9307138373604964,0.7431922641990936,0.6315545240198075,0.7636513822712229,0.5530710402771463
image10.jpg,premium,2374.6875,3404.0,2107.734375,3402.0,0.9634809537723373,0.9476517085473503,0.9675862827945746,0.9476824654753483,9.3125,13.349019607843138,8.265625,13.341176470588236,0.4128099823292003,0.439574755849253,0.40201250922190795,0.4395102110684038,0.8167241945893707,0.808377495125422,0.8205465863677733,0.8084050332281333,0.9037279427954913,0.899098156557682,0.905840265371204,0.8991134707188706,0.7533956539790809,0.6313803086132722,0.781117954622372,0.6315968889254853
image100.jpg,premium,1464.2578125000002,2108.0,1298.90625,2228.0,0.9774819639451913,0.9675821978900747,0.9800248169962784,0.965736782210193,5.742187500000001,8.266666666666667,5.09375,8.737254901960783,0.2799124959670737,0.29253691993198705,0.27260979003446345,0.2967221911885535,0.8865811855341096,0.8840026887006018,0.8890160203557526,0.882280302625155,0.9415844017049717,0.9402141717186578,0.9428764608132671,0.9392977710104262,0.753648442699039,0.6169405981613936,0.7814677342037734,0.5951345601060649
image11.jpg,premium,2384.6484375,3370.0,2563.9453125,3850.0000000000005,0.963327769853597,0.9481745763233168,0.9605704593162735,0.9407929136037894,9.3515625,13.215686274509803,10.0546875,15.098039215686276,0.40405142719247483,0.4286073989932394,0.4109144241463472,0.44329213562539527,0.8222854650630166,0.8146206203185979,0.8197379547905252,0.8080584738280504,0.9067995727077823,0.9025633608332425,0.9053938119904097,0.8989207272212887,0.7424421596284191,0.6195936809495113,0.7230769084726612,0.5654111785328243
image12.jpg,premium,2561.9531250000005,3714.0,2563.9453125,3800.0,0.9606010961000215,0.9428843847076555,0.9605704593162735,0.9415618368037401,10.046875000000002,14.564705882352941,10.0546875,14.901960784313726,0.41029042775329144,0.4386631196904708,0.41036535630729165,0.44122038367942223,0.8201030895756741,0.8102478123562035,0.8200748674450631,0.8090780742212981,0.90559543372064,0.9001376630028339,0.9055798515012705,0.899487673190299,0.7226357837869658,0.5797105272405344,0.722420103992088,0.5699784608276873
image13.jpg,premium,2147.578125,3300.0,2119.6875,3110.0,0.9669735471196137,0.949251068803248,0.9674024620920864,0.9521729769630609,8.421875,12.941176470588236,8.3125,12.19607843137255,0.37037208120435616,0.399880749887561,0.3692620881187326,0.39389406011263794,0.8405456247296712,0.8306404999348875,0.8409463983203576,0.8332744142856953,0.9168127533633414,0.9113948101316397,0.9170312962600337,0.9128386573133804,0.7410019732358578,0.58122228864751,0.7443655839730544,0.6053337326344715
image14.jpg,premium,2026.0546875,2994.0,1952.34375,3044.0,0.9688423909282441,0.9539568787869468,0.9699759519269215,0.9531879555869961,7.9453125,11.741176470588234,7.65625,11.937254901960785,0.37173086250088927,0.3968935484501297,0.36868345785680323,0.3985479599832036,0.83849642509041,0.831045548299304,0.8395606482482698,0.8303480139614478,0.9156945042373084,0.9116169964954054,0.9162754216109203,0.9112343353723277,0.7627249235756337,0.631739682563126,0.7713573501515447,0.6255897106620426
image15.jpg,premium,3030.1171875,4568.0,3004.21875,4166.000000000001,0.9534014519192323,0.9297511764524959,0.9537997301079568,0.9359333189801005,11.8828125,17.913725490196075,11.78125,16.337254901960787,0.45996705530119264,0.49879981120963124,0.4590334887696148,0.48735266026381197,0.7933114845777466,0.7783219002066605,0.7936728080095395,0.7836737546748428,0.8906803492711325,0.8822255381741454,0.8908831618172719,0.8852534974089867,0.7128124518743129,0.5507262341259225,0.7152670463027376,0.5902638991612507
image16.jpg,premium,1691.3671875,2466.0,1514.0625000000002,2648.0,0.9739893705979147,0.9620767077784271,0.9767160443514902,0.9592778273306062,6.6328125,9.670588235294117,5.937500000000001,10.384313725490195,0.3235338203255368,0.3418779382448649,0.3158277828346472,0.34809574162362517,0.8638578062486483,0.8592461850579162,0.8664501075495304,0.8566673875912925,0.9294395118826444,0.9269553306702089,0.9308330180808642,0.9255632812462324,0.7652598105200891,0.6362851757269581,0.7898674393348265,0.6094416647708779
image17.jpg,premium,2516.1328125,3948.0,2655.5859375,3728.0000000000005,0.9613057421262264,0.9392858241318858,0.9591611672638637,0.9426690862116693,9.8671875,15.48235294117647,10.4140625,14.619607843137256,0.4092755631010262,0.44632048044070005,0.41450277951262876,0.4398659909004141,0.8203121705368728,0.8066271684167257,0.8183381326067498,0.8096110927672365,0.9057108647558959,0.8981242499881215,0.904620435656165,0.899783914485715,0.7284386264465946,0.5546918907442331,0.7133877189654082,0.5795064257078271
image18.jpg,premium,2872.734375,4564.0,2801.0156250000005,3866.0,0.9558217578353274,0.929812690308492,0.9569246820502568,0.940546858179805,11.265625,17.898039215686275,10.984375000000002,15.16078431372549,0.49268888554187734,0.5410615038171511,0.4899181340978741,0.5193807627344758,0.7703894728176963,0.7529320410140068,0.7713961769699456,0.7622747487916471,0.8777183334177864,0.8677165672119017,0.8782916241032619,0.8730834718351087,0.7642324472626921,0.6139379511466294,0.7701184610619592,0.6729807447705675
image19.jpg,premium,2095.78125,3414.0,2328.8671875,3374.0,0.9677701034970627,0.9474979239073602,0.964185599798542,0.9481130624673209,8.21875,13.388235294117647,9.1328125,13.231372549019607,0.37253579437313755,0.40804944782802366,0.38170987389967426,0.40682511053457915,0.8387296169329405,0.8264759308112206,0.8353889706445536,0.8270268631486337,0.9158218259754134,0.9091072163453663,0.9139961546114697,0.9094101732159332,0.7522240760185372,0.5758293521918714,0.7246672479711692,0.5807991313108887
image2.jpg,premium,2235.234375,2890.0,1988.2031250000002,3396.0,0.9656255286347,0.9555562390428444,0.9694244898194568,0.9477747362593424,8.765625,11.333333333333334,7.796875000000001,13.31764705882353,0.389235464247601,0.40309950179685994,0.3791789513437336,0.41971778564924783,0.8299340735834775,0.8268747189034,0.8334863431432623,0.819845349872088,0.9110071753743093,0.909326519410602,0.9129547322530632,0.9054531185390484,0.7488539833583175,0.6598365553767727,0.7766098711155088,0.6002785266641937
image20.jpg,premium,2368.7109375,3318.0,2043.984375,3276.0,0.9635728641235813,0.9489742564512657,0.9685666598745117,0.9496201519392244,9.2890625,13.011764705882353,8.015625,12.847058823529412,0.3839374157973592,0.4058575380000019,0.371127680234717,0.40454520160098106,0.8343989743090097,0.8273726799248093,0.8390539550781249,0.8279530859171812,0.9134544182984774,0.909600285798553,0.9159988837755889,0.909919274395911,0.7208612223803129,0.5891732673576139,0.7591283550565191,0.5943736057454924
image21.jpg,premium,2625.7031250000005,3622.0000000000005,2312.9296875,3802.0,0.9596207190200843,0.944299203395565,0.9644306940685264,0.9415310798757421,10.296875000000002,14.203921568627452,9.0703125,14.909803921568628,0.436911186038519,0.4620173856055687,0.4246094685124023,0.4676555393604813,0.8040954012579298,0.7962077713877238,0.8085401282334319,0.7937556508964035,0.8967136673754503,0.8923047525300556,0.8991885943635138,0.8909296554141655,0.7430572235985183,0.6315863746042769,0.7736642159316235,0.6132775804101217
image22.jpg,premium,2097.7734375,3676.0,2506.171875,3292.0,0.9677394667133147,0.943468766339618,0.9614589260449667,0.9493740965152401,8.2265625,14.415686274509804,9.828125,12.909803921568628,0.37391573725633964,0.41729230127710504,0.38972790853117534,0.40571168156210036,0.8379108071978024,0.8220860609463045,0.8320748559936384,0.8273586641993342,0.9153746813178757,0.9066896166529672,0.912181372312348,0.9095925814337616,0.7534859680956523,0.546210145387016,0.7054941575159834,0.5936136557709621
image23.jpg,premium,2279.0625,3556.0,2235.234375,3240.0,0.9649515193922431,0.9453141820194999,0.9656255286347,0.9501737766431889,8.9375,13.945098039215686,8.765625,12.705882352941176,0.3767550394447885,0.4089630712330421,0.3750525885823994,0.39935937221448514,0.8379211721453287,0.8263694096893796,0.8385483986027008,0.830721177271747,0.9153803428877685,0.9090486288914249,0.915722883083469,0.911439069423594,0.726730859122882,0.5515081361772627,0.7319860349089804,0.591362868732939
image24.jpg,premium,3095.859375,4306.0,2571.9140625,4074.0,0.952390438055547,0.9337803340202381,0.9604479121812812,0.9373481376680097,12.140625,16.886274509803922,10.0859375,15.976470588235294,0.48015918747252767,0.5107451853348348,0.4602985409763563,0.5037365512197287,0.7810112152627595,0.7702722945851868,0.7883664889630791,0.7733803506503354,0.8837483891146617,0.8776515792643381,0.8879000444661995,0.8794204629472385,0.725818590474893,0.6055761714169076,0.7722212357162724,0.6268270604627221
image25.jpg,premium,2645.625,3658.0,2514.140625,4012.0,0.959314351182604,0.9437455786916003,0.9613363789099745,0.9383016024359487,10.375,14.345098039215687,9.859375,15.733333333333333,0.43498252931040954,0.46026649388972296,0.42992929858235135,0.4710770268074907,0.805515735102635,0.7974394467215387,0.8073773425673119,0.7926375388403093,0.8975052841641853,0.8929946510038784,0.8985417867674891,0.8903019368957418,0.7382734368649392,0.623634742798336,0.7512809317195429,0.5872122985530136
image26.jpg,premium,2093.7890625,2824.0,1810.8984375,3242.0,0.9678007402808108,0.9565712176667794,0.9721511635730324,0.9501430197151909,8.2109375,11.074509803921568,7.1015625,12.713725490196078,0.3715434089883216,0.38799313043642814,0.3597900278294482,0.40171605882930744,0.8393118866917171,0.8352394184296964,0.8434011342167076,0.8294107994130552,0.9161396654941413,0.9139143386716811,0.9183687354307678,0.9107199346742417,0.7514015865477376,0.6475375749859776,0.7849895739028483,0.5953671452211542
image27.jpg,premium,1948.359375,2722.0000000000005,1663.4765625,2958.0000000000005,0.9700372254944176,0.9581398209946792,0.9744182855703872,0.9545105034909114,7.640625,10.674509803921572,6.5234375,11.600000000000001,0.3533622996473295,0.3713329365290569,0.34130110824514276,0.37920578200850336,0.848803717038669,0.8441603574527942,0.8529414932620567,0.8408480135919096,0.9213054417719831,0.9187819966960574,0.9235483166906087,0.9169776516316576,0.7546628310702143,0.6382925134104017,0.7905352392061645,0.6069321288273214
image28.jpg,premium,2838.8671875,4368.0,3259.2187500000005,4278.0,0.9563425831590441,0.9328268692522991,0.9498782217882078,0.9342109310122105,11.1328125,17.129411764705882,12.781250000000002,16.776470588235295,0.48089671797653,0.5237821387147377,0.49644086012738653,0.5210751099665644,0.7778559037164191,0.7626131293955641,0.7719976841839677,0.763813178884116,0.8819613958198051,0.8732772351295802,0.8786339876102949,0.8739640604075868,0.7579821757660485,0.6155436548289531,0.7221465540724599,0.6234651454574774
image29.jpg,premium,1796.9531250000002,2620.0,1804.921875,2914.0,0.9723656210592686,0.9597084243225786,0.9722430739242764,0.955187155906868,7.046875000000001,10.27450980392157,7.078125,11.427450980392157,0.32540826730348366,0.34437655073695606,0.3257370129199967,0.35390052278997075,0.8638092132533162,0.8585695066266323,0.8636934524882256,0.8544329604397563,0.9294133704941607,0.9265902582191506,0.9293510921542114,0.9243554297129196,0.7472110450782103,0.6079067186526846,0.7460900297570494,0.5639084649442454
image3.jpg,premium,1514.0625,2212.0,1338.75,2400.0,0.9767160443514902,0.9659828376341772,0.9794120813213176,0.9630916864023622,5.9375,8.67450980392157,5.25,9.411764705882353,0.27510440811834436,0.2885742644552055,0.2675369662171803,0.2947775676850267,0.8896812599120532,0.8863872351464502,0.8922590545102846,0.8837011020367319,0.9432291661690987,0.9414814045675306,0.9445946509007367,0.9400537761408823,0.7341262672152771,0.5787402591338151,0.7649116468008764,0.542936990018606
image30.jpg,premium,1703.3203125,2540.0,1500.1171875,2484.0,0.9738055498954264,0.9609387014424999,0.9769305018377265,0.9617998954264448,6.6796875,9.96078431372549,5.8828125,9.741176470588234,0.31790846429296876,0.3377654001314152,0.3091401220269869,0.335856889321098,0.8672597242309148,0.8618159423792434,0.8702307720250325,0.8626106105051423,0.9312678047859889,0.9283404237558781,0.9328616038968656,0.9287683298353483,0.7557170217093027,0.6118958844277692,0.7848595524527543,0.6204525105978658
image31.jpg,premium,1767.0703125,2726.0,1623.6328125,2534.0,0.9728251728154893,0.9580783071386829,0.9750310212453481,0.9610309722264941,6.9296875,10.690196078431374,6.3671875,9.937254901960785,0.33035965848429405,0.35466511054821453,0.324240516043047,0.3481646763927258,0.8606230654600995,0.8534082529698673,0.8627139229427986,0.8561221129128315,0.927697723108179,0.9238009812561726,0.9288239461506139,0.9252686706642733,0.7593837349751756,0.6060926253503193,0.7789151567133801,0.633836651737971
image32.jpg,premium,1884.609375,2794.0,1643.5546875,2778.0,0.9710176025743549,0.9570325715867499,0.9747246534078676,0.9572786270107342,7.390625,10.956862745098038,6.4453125,10.894117647058824,0.33998665804981765,0.36210026970857057,0.3298114787498201,0.36157181229769136,0.856118640892325,0.8496184028826342,0.8596246063338019,0.8498433772477714,0.9252667944394877,0.9217474724037134,0.927159428757429,0.9218695012027306,0.7495834330257187,0.6067345618966152,0.7816134590340571,0.6089866188077299
image33.jpg,premium,2141.6015625,3282.0,2352.7734375,3456.0,0.9670654574708578,0.9495278811552302,0.9638179583935657,0.9468520284194015,8.3984375,12.870588235294116,9.2265625,13.552941176470588,0.3794302403595877,0.4095040038186254,0.3877331719453868,0.4149122301001541,0.8349940781114836,0.8251817870895485,0.8319709920388192,0.8227831738332684,0.9137801038058794,0.9083951712165518,0.9121244389000983,0.9070739627137736,0.7526574067242872,0.6022399796656579,0.7282682765966354,0.5811521540903454
image34.jpg,premium,1063.828125,1780.0,1075.78125,1834.0,0.983639957478547,0.9726263340817519,0.9834561367760589,0.9717958970258049,4.171875,6.980392156862745,4.21875,7.192156862745097,0.24105480759102238,0.25794066344016575,0.24162030513915875,0.25992190639374685,0.9039900875714868,0.9003755194856738,0.903812312647179,0.8995912249170424,0.9507839331685652,0.9488811935567455,0.9506904399683311,0.9484678301961761,0.7952846415396461,0.6250111432869179,0.7929844689726758,0.6136350768473074
image35.jpg,premium,2795.0390625,3974.0,2906.6015625,4302.0,0.957016592401501,0.9388859840679113,0.9553009325116109,0.9338418478762341,10.9609375,15.584313725490196,11.3984375,16.870588235294118,0.4348297208266628,0.46369372315119683,0.43888815949557325,0.4730969295749037,0.8070055096372188,0.796790730208903,0.805440261295235,0.7923885143397809,0.8983348538475053,0.8926313517958593,0.897463236737436,0.8901620719508223,0.7169457391809837,0.5809145756931129,0.7056477786636175,0.5463247369481055
image36.jpg,premium,2356.7578125000005,3124.0,1942.3828125000002,3314.0,0.9637566848260697,0.9519576784670747,0.9701291358456618,0.9490357703072617,9.242187500000002,12.250980392156864,7.617187500000001,12.996078431372549,0.3672352421015711,0.38220291764554,0.351020871099764,0.3880314200414873,0.8441917349622142,0.839802273783144,0.8501429616538712,0.8371696176358988,0.9187990721383071,0.9164072641479573,0.9220319743121012,0.9149697359125595,0.7001615735292809,0.580273593429604,0.7528804177439128,0.5547460590991383
image37.jpg,premium,1779.0234375,2578.0000000000005,1695.3515625,2778.0,0.972641352113001,0.9603543198105373,0.9739280970304185,0.9572786270107342,6.9765625,10.10980392156863,6.6484375,10.894117647058824,0.31808870449002447,0.3358095528436731,0.31461311555550037,0.34232324001100856,0.8678704188668421,0.8630111671774424,0.8690884299683415,0.8601887706218928,0.9315956305537516,0.9289839434443646,0.9322491244127513,0.927463622263371,0.7407191069574246,0.5991857462863345,0.7529137290266162,0.5680907692720857
image38.jpg,premium,2456.3671875,3508.0,2107.734375,3398.0,0.9622248456386676,0.9460523482914526,0.9675862827945745,0.9477439793313445,9.6328125,13.75686274509804,8.265625,13.325490196078432,0.402220848660273,0.42796665191960026,0.38843813693048557,0.42453314386675944,0.8240944302334139,0.8155880204002808,0.8290796250428021,0.8171000145006778,0.9077964696083665,0.9030991199200012,0.9105380964258454,0.9039358464518806,0.7293164912711252,0.5955095679664549,0.7677346697200733,0.608193133395101
image39.jpg,premium,2221.2890625,2980.0,1942.3828125,3292.0,0.9658399861209361,0.9541721772829329,0.9701291358456617,0.9493740965152402,8.7109375,11.686274509803923,7.6171875,12.909803921568628,0.3764816682077563,0.39310764685985633,0.3652133670519607,0.4031391819649318,0.8375603410309436,0.8331345819880296,0.8415749102471105,0.8287992344351632,0.9151832281193442,0.9127620620884884,0.9173739206273037,0.9103841136768387,0.7361021367742608,0.6278253187331209,0.7692372944887036,0.5888593789494746
image4.jpg,premium,1492.1484375,2124.0,1408.4765625,2456.0,0.9770530489727186,0.9673361424660905,0.9783397938901363,0.9622304924184172,5.8515625,8.329411764705883,5.5234375,9.631372549019607,0.29507818889503934,0.3082234478945828,0.29138614208843544,0.3198133279401246,0.8782892256358733,0.8757936625386297,0.879518590543601,0.871047553147349,0.9371708625623576,0.9358384810097465,0.9378265247600971,0.9332992838030837,0.7688861662724547,0.6472871780491953,0.7818458205001675,0.5921550420380527
image40.jpg,premium,1822.8515625,2780.0,2022.0703125,3022.0000000000005,0.971967342870544,0.9572478700827363,0.9689036644957403,0.9535262817949743,7.1484375,10.901960784313726,7.9296875,11.850980392156865,0.3536803209391588,0.37931117219687516,0.36194714819248236,0.38736758177823016,0.8472734959773585,0.8399539270451832,0.8443909282750326,0.836564353609006,0.920474603656917,0.916490003789012,0.9189074644788955,0.9146389197978654,0.7765918762935263,0.6410980735373081,0.7521756879103052,0.6098555317373184
image41.jpg,premium,1727.2265625,2462.0000000000005,1551.9140625,2648.0,0.97343790849045,0.9621382216344232,0.9761339454602774,0.9592778273306062,6.7734375,9.654901960784315,6.0859375,10.384313725490195,0.2971600064376885,0.31142896463297876,0.289886845182806,0.3173841536435278,0.8792533680330281,0.8754164895322403,0.8818134861366421,0.8727808392389227,0.9376851113423035,0.935636943227575,0.9390492458527626,0.9342274023164396,0.7200697182583097,0.5705009816488805,0.7484824804189426,0.5380530460626464
image42.jpg,premium,1613.671875,2720.0,1733.203125,2596.0,0.9751842051640882,0.9581705779226771,0.9733459981392059,0.960077507458555,6.328125,10.666666666666666,6.796875,10.180392156862746,0.319464452490189,0.3496741020263977,0.32456361993918864,0.3455402735467724,0.8654245291962526,0.8560894596923283,0.8636809089540383,0.8578405186187373,0.930281962200844,0.9252510252317089,0.9293443435853248,0.9261968033947954,0.7751651580524928,0.597130184196158,0.7585107253156403,0.6154963081519214
image43.jpg,premium,1609.6875000000002,2390.0000000000005,1392.5390625,2434.0,0.9752454787315843,0.9632454710423524,0.9785848881601206,0.9625688186263957,6.312500000000001,9.372549019607844,5.4609375,9.545098039215686,0.2974124711161078,0.31462048343990057,0.2879938520037317,0.31610066440918394,0.878105243476067,0.8735431303814922,0.8812905202100755,0.8729166670435957,0.9370726991413564,0.9346352927112758,0.938770749549684,0.9343000947466481,0.7467598116707389,0.5963316936250653,0.7809221638092161,0.5889001432148157
image44.jpg,premium,1589.7656250000002,2370.0,1374.609375,2340.0,0.9755518465690647,0.9635530403223326,0.9788606192138529,0.9640143942423031,6.234375000000001,9.294117647058822,5.390625,9.176470588235295,0.29627966746932644,0.3136235639144014,0.28690281686807995,0.31260047599841834,0.8785614363315792,0.8739951035896789,0.8817194164353854,0.8744230465288467,0.937316081336269,0.9348770526596955,0.9389991567809768,0.9351059012373126,0.7494713661074003,0.5989745262154108,0.7833774970101581,0.6040507980354688
image45.jpg,premium,1786.9921875,2582.0,1492.1484375,2620.0,0.9725188049780088,0.9602928059545414,0.9770530489727186,0.9597084243225786,7.0078125,10.125490196078431,5.8515625,10.27450980392157,0.32354890217852517,0.3415260860139797,0.31091062784488543,0.34280055489461914,0.8647939395867875,0.8599574692902695,0.8690995927610476,0.859419829920796,0.9299429765242531,0.9273389182441711,0.9322551114158869,0.9270489900327792,0.7466657615372921,0.610369490043111,0.7884644987641382,0.6046351912908409
image46.jpg,premium,2759.1796875,3940.0,2444.4140625,3762.0,0.9575680545089656,0.9394088518438779,0.9624086663411557,0.9421462184357027,10.8203125,15.450980392156861,9.5859375,14.75294117647059,0.4378741755807482,0.4674345505431396,0.4258404904309612,0.4620272918728113,0.8047798111566166,0.7944855437702443,0.8092331238848939,0.7968987152931599,0.897095207409234,0.8913391855911218,0.8995738568260495,0.8926918366901089,0.7255119016414975,0.5922300285322233,0.7568253453531534,0.6106521236899046
image47.jpg,premium,3079.921875,4410.0,2990.2734375,4330.0,0.9526355323255313,0.9321809737643404,0.9540141875941931,0.9334112508842617,12.078125,17.294117647058822,11.7265625,16.980392156862745,0.44954763106426143,0.4810307018404575,0.4463723012261561,0.47880838519700697,0.8002392226134479,0.7881341477954609,0.8014891972701305,0.7891990799386448,0.8945609105105409,0.8877691973680214,0.8952592905243321,0.8883687747431496,0.6937048036086664,0.5437457573849782,0.7026202524040156,0.5520224783394457
image48.jpg,premium,2364.7265625,3136.0,2149.5703125,3598.0,0.9636341376910773,0.9517731368990866,0.9669429103358657,0.9446682865315412,9.2734375,12.298039215686273,8.4296875,14.109803921568629,0.39443745391217505,0.41151592197898124,0.3859327179759983,0.42605947015615586,0.8280052044849037,0.8233628509189898,0.8310843161847306,0.8169936821093712,0.9099479130614585,0.9073934377760232,0.9116382595002969,0.9038770282009446,0.7344564798460661,0.6311053644719897,0.7586171371136523,0.5767592797736668
image49.jpg,premium,1541.953125,2278.0,1380.5859375,2380.0,0.9762871293790176,0.9649678590102421,0.9787687088626088,0.9633992556823424,6.046875,8.933333333333334,5.4140625,9.333333333333334,0.28630861379065387,0.3018012862344513,0.2793121795146978,0.30523637668632075,0.8837262523728854,0.8798283737024222,0.886096334079741,0.8783721132897604,0.9400671531188,0.9379916703800851,0.9413269007521994,0.9372150837933416,0.7453552976269625,0.5943706512861746,0.772004161828792,0.5762081431348092
image5.jpg,premium,1755.1171875,2302.0,1370.625,2534.0,0.9730089935179774,0.9645987758742658,0.978921892781349,0.961030972226494,6.8828125,9.027450980392157,5.375,9.937254901960785,0.31017979615584074,0.3188769188967578,0.2936201572450496,0.32679269769201613,0.872173849807616,0.8709414870600297,0.8778026034345263,0.8676389751612701,0.9339024840997138,0.9332424588819509,0.9369112036017748,0.9314714032976376,0.7342403137016844,0.6269965492840888,0.7924600860689658,0.5894045420876981
image50.jpg,premium,1806.9140625,2682.0000000000005,1555.8984375,2634.0,0.9722124371405283,0.9587549595546397,0.9760726718927812,0.9594931258265924,7.0859375,10.517647058823531,6.1015625,10.329411764705883,0.30932808725517225,0.3283559190325438,0.29889277581109075,0.3268229236319609,0.8730909639246323,0.8672360302672457,0.8767516202827639,0.8679138595290813,0.9343933668025647,0.9312550833510901,0.936350159012516,0.9316189454541386,0.7218230559092953,0.5575424193338235,0.7604672620343546,0.5654611232383635
image51.jpg,premium,2187.421875,3146.0000000000005,2135.625,3360.0,0.966360811444653,0.9516193522590964,0.967157367822102,0.948328360963307,8.578125,12.337254901960787,8.375,13.176470588235295,0.38405026306682855,0.4081641430596459,0.381971220064589,0.4150031517392021,0.8326325516515584,0.8253415250189906,0.8333761621319025,0.822379764444545,0.9124870145111975,0.9084830901117481,0.9128943871729646,0.9068515669306333,0.7505571521345746,0.623836079696835,0.7564638133772896,0.5982483241517372
image52.jpg,premium,1460.2734375,2244.0000000000005,1336.7578125,2296.0,0.9775432375126871,0.9654907267862087,0.9794427181050657,0.9646910466582598,5.7265625,8.8,5.2421875,9.003921568627451,0.29625767187177604,0.3153293295626273,0.29071070465476734,0.31716323496816223,0.8772774697156742,0.8725743481679259,0.8790952726640595,0.8718304897075491,0.9366309143497636,0.934116881427547,0.9376008066677735,0.9337186351934661,0.7771443399389375,0.6332909706736822,0.7959943411992184,0.6247932569816285
image53.jpg,premium,1860.703125,2766.0,1866.6796875,2992.0,0.9713852439793313,0.9574631685787223,0.9712933336280872,0.9539876357149448,7.296875,10.847058823529412,7.3203125,11.733333333333333,0.3359422722922859,0.3578395000082013,0.3361877002882888,0.3651061511899614,0.8582667240552012,0.8518360386927158,0.8581800808846057,0.8486682174853342,0.9264268584487397,0.9229496403882044,0.9263800952549691,0.9212319021209232,0.7488505151581043,0.6040664221626217,0.7480438251639654,0.5717161009076516
image54.jpg,premium,2075.859375,3104.0,1848.75,2958.0,0.9680764713345432,0.952265247747055,0.9715690646818196,0.9545105034909114,8.140625,12.172549019607844,7.25,11.6,0.3737198468177778,0.4004650279445292,0.3642748605766297,0.39564574720731094,0.837805118993446,0.8295391697600707,0.8410869659693687,0.8315751413150918,0.9153169500197437,0.9107904093478756,0.9171079358338192,0.9119074192674889,0.7568434874592237,0.6181283918468851,0.7834460233801915,0.6360901363025407
image55.jpg,premium,1679.4140625,2558.0,1388.5546875000002,2292.0000000000005,0.9741731913004029,0.9606618890905176,0.9786461617276168,0.964752560514256,6.5859375,10.03137254901961,5.445312500000001,8.988235294117649,0.2988058080554065,0.3185119411396534,0.28632480320434994,0.3096238720776446,0.8779394995877488,0.8720188640662708,0.8822014946737734,0.8758044840352859,0.9369842579188558,0.9338195029374097,0.9392558196113417,0.935844262703622,0.7334663002839583,0.5638237535066998,0.7796275341612325,0.6091806266760577
image56.jpg,premium,2145.5859375,2976.0,1950.3515625,3190.0,0.9670041839033617,0.9542336911389291,0.9700065887106696,0.9509426998431396,8.4140625,11.670588235294117,7.6484375,12.509803921568627,0.37370638031555603,0.3932096307965547,0.3657606636732973,0.400165314340429,0.8385145089553897,0.8330569602883935,0.8413278349598111,0.8300779916516893,0.9157043785826241,0.9127195408713421,0.9172392463037171,0.9110861603886261,0.7453553638897413,0.6287274059450014,0.7685263707038595,0.6020297126897025
image57.jpg,premium,1944.375,2830.0,1633.59375,2822.0,0.9700984990619137,0.9564789468827855,0.9748778373266078,0.9566019745947776,7.625,11.098039215686274,6.40625,11.066666666666666,0.3265646633810229,0.3459574588212426,0.313782694087756,0.3457047539288887,0.8644397155691321,0.8584119223065212,0.868956142544334,0.8585242581262553,0.9297525023193711,0.9265052197945358,0.9321781710297308,0.9265658412256818,0.71936862521455,0.5646107779597174,0.7642236400368145,0.5658415602128348
image58.jpg,premium,1938.3984375,2718.0,1577.8125,2816.0,0.9701904094131578,0.958201334850675,0.9757356672715529,0.9566942453787715,7.6015625,10.658823529411764,6.1875,11.04313725490196,0.3183937860365991,0.3337181500094883,0.30360887299820744,0.33679569462395775,0.8690231911066357,0.8645396725980499,0.8742686711728963,0.8631608238690912,0.9322141337196276,0.9298062554091846,0.9350233532767491,0.9290644885416142,0.707903262914136,0.5618897824065686,0.7622398604604271,0.5460933139282182
image59.jpg,premium,2733.28125,3662.0,2177.4609375,3576.0,0.9579663326976902,0.9436840648356043,0.9665139953633932,0.9450066127395195,10.71875,14.36078431372549,8.5390625,14.023529411764706,0.44158636169559584,0.46393001706158055,0.41964396403610815,0.4611908833543467,0.8021968981468967,0.7952762939637713,0.8100991557296173,0.7964516457678049,0.8956544524239785,0.8917826495081475,0.9000550848307104,0.8924413962652141,0.7331759005239923,0.6284644188001197,0.7874353201696236,0.6371897219085821
image6.jpg,premium,1986.2109375,3282.0,2189.4140625,3154.0,0.9694551266032049,0.9495278811552302,0.9663301746609049,0.9514963245471042,7.7890625,12.870588235294116,8.5859375,12.36862745098039,0.36759092174208075,0.403447761593963,0.3757947133478184,0.39939473119400676,0.8405988184757665,0.8285904175796108,0.8376744924953744,0.8303640570028887,0.9168417630517092,0.910269420325439,0.9152455913553337,0.9112431382473554,0.7646535766587489,0.5912603002621524,0.7405760087742879,0.607201397631575
image60.jpg,premium,2087.8125,2780.0,1412.4609375,2798.0,0.9678926506320548,0.9572478700827362,0.9782785203226402,0.9569710577307539,8.1875,10.901960784313726,5.5390625,10.972549019607843,0.3235572055079436,0.3350324891920933,0.2957890208456326,0.33559385088464777,0.8671957267224445,0.8639988924497587,0.8770226797348076,0.8637458218314578,0.9312334437306493,0.929515407322417,0.9364948903943938,0.9293792669472769,0.6843735227955354,0.5503309669753214,0.7864702554027049,0.547419440862212
image61.jpg,premium,2167.5,2966.0,1763.0859375,3106.0,0.9666671792821334,0.9543874757789192,0.9728864463829853,0.952234490819057,8.5,11.631372549019607,6.9140625,12.180392156862746,0.3784852110441696,0.39707481012294243,0.36165000403111724,0.4017004679226591,0.8358303371900231,0.8307977020638411,0.8416737562250698,0.8288457316789257,0.914237571526145,0.9114810486586329,0.917427793466641,0.910409650475502,0.7473741575823577,0.6370386181847516,0.7945093101657964,0.6199062535677136
image62.jpg,premium,1792.96875,2300.0,1410.46875,2782.0,0.9724268946267647,0.9646295328022637,0.9783091571063882,0.957217113154738,7.03125,9.019607843137255,5.53125,10.909803921568628,0.3056872296391961,0.3123327223806707,0.2895132149876345,0.32806713483827427,0.8750220209962816,0.8744102478551635,0.8806145815499148,0.8675770374893517,0.935426117337057,0.9350990577768558,0.9384106678581158,0.931438155482881,0.7191096634991426,0.6133041502538822,0.7790329352859922,0.5322661504375218
image63.jpg,premium,1743.1640625,2308.0,1386.5625000000002,2638.0,0.9731928142204657,0.9645065050902717,0.9786767985113647,0.9594316119705963,6.8359375,9.050980392156863,5.437500000000001,10.345098039215687,0.3038185098661703,0.31276786113693233,0.288589535320083,0.32372662429594445,0.8756639076241711,0.8742125348825557,0.8808840218455644,0.8695235815166467,0.935769152956097,0.9349933341380331,0.9385542189162884,0.9324824832224178,0.7271411911918807,0.6123126131260872,0.782960307508056,0.5568807077238379
image64.jpg,premium,1992.1875,3028.0,1856.71875,2990.0,0.9693632162519608,0.9534340110109802,0.9714465175468274,0.9540183926429427,7.8125,11.874509803921567,7.28125,11.72549019607843,0.35817092930001004,0.3847690698619499,0.3525692325133025,0.3835379440562062,0.8463616049303453,0.8380392486786424,0.8483216233126982,0.8385695545187792,0.9199791328776676,0.9154448365022562,0.9210437684022938,0.9157344344944004,0.7528053178937433,0.6038983227075313,0.7696145562769687,0.6088692156193919
image65.jpg,premium,1545.9375,2114.0,1290.9375,2408.0,0.9762258558115215,0.9674899271060807,0.9801473641312706,0.9629686586903701,6.0625,8.290196078431372,5.0625,9.443137254901961,0.2890923799788272,0.2989048919826677,0.2778590068177531,0.30904970945351484,0.8822044260508278,0.8806987743305779,0.8859549066352185,0.8764918614539315,0.9392573800885612,0.9384555260269811,0.9412517764313747,0.9362114405698808,0.7486474050676089,0.6299207206791589,0.790107626912127,0.578452741435863
image66.jpg,premium,2177.4609375,3492.0,2036.015625,2774.0,0.9665139953633931,0.9462984037154369,0.9686892070095039,0.9573401408667301,8.5390625,13.694117647058825,7.984375,10.878431372549018,0.39739197894659595,0.4341886229534697,0.3915633993382715,0.4101336674450387,0.8242642806778042,0.8119461842449323,0.8262985746918252,0.8219240606154938,0.9078900157385829,0.9010805647914798,0.9090096669958055,0.90660027609498,0.7664337593995211,0.6086837349889471,0.7816059488621324,0.6891433793984364
image67.jpg,premium,1962.3046875,2872.0,1518.046875,2592.0,0.9698227680081813,0.9558330513948268,0.9766547707839941,0.9601390213145512,7.6953125,11.262745098039217,5.953125,10.16470588235294,0.3305472953675397,0.3508722104395502,0.31196684015143383,0.34176082722499607,0.8623075386232157,0.8559266065265466,0.8687739696158028,0.8598708098103812,0.9286051575471761,0.9251630161904153,0.9320804523300565,0.9272921922513859,0.7216733370811017,0.5663741800661752,0.7846853633053802,0.6086496778313113
image68.jpg,premium,1587.7734375,2450.0,1488.1640625,2392.0,0.9755824833528128,0.9623227632024114,0.9771143225402147,0.9632147141143543,6.2265625,9.607843137254903,5.8359375,9.380392156862744,0.2937575540795646,0.3136310844415525,0.28949697646707145,0.3116972827315423,0.8799660146112673,0.8742482815809907,0.8814254142412173,0.8750738272521393,0.9380650375167318,0.935012449960422,0.9388425928989467,0.9354538081873094,0.7462082770773492,0.5789883310889068,0.7621299660938267,0.5889551379447612
image69.jpg,premium,1808.90625,2760.0,1645.546875,2558.0,0.9721818003567804,0.9575554393627165,0.9746940166241196,0.9606618890905176,7.09375,10.823529411764707,6.453125,10.03137254901961,0.32219713519950177,0.34492348588424526,0.31536799557887546,0.33827142017500517,0.8657779652244629,0.8587633702531529,0.8681567565847571,0.8616158061822554,0.9304719045863035,0.9266948636164727,0.9317492992134511,0.9282326250365559,0.7404428757714687,0.5780500819890382,0.7638830565938691,0.6089319238144782
image7.jpg,premium,1653.515625,2420.0,1512.0703125,2550.0,0.9745714694891274,0.9627841171223818,0.9767466811352383,0.9607849168025098,6.484375,9.490196078431373,5.9296875,10.0,0.31110303928939276,0.3285476193287893,0.3050068786891579,0.3329616324122123,0.8707062042130732,0.8662741454688486,0.8727755527283678,0.864427719915491,0.9331163937114562,0.9307384946744433,0.9342245729632506,0.9297460513040596,0.7566878235450003,0.6198308490379384,0.7775012747839218,0.5994085392755135
image70.jpg,premium,1761.09375,2650.0,1585.78125,2586.0,0.9729170831667333,0.9592470704026081,0.9756131201365608,0.9602312920985452,6.90625,10.392156862745098,6.21875,10.141176470588235,0.3254539776507642,0.347051379457318,0.31797714162601537,0.34489964464414397,0.8634373240047398,0.8572413530950521,0.8659946336933211,0.8581463363468432,0.9292132823010764,0.9258732921383207,0.9305883266478906,0.9263618819591204,0.754263378271569,0.6068761333641329,0.778725847402906,0.6163704456149615
image71.jpg,premium,2332.8515625,3360.0,1898.5546875,3048.0000000000005,0.9641243262310459,0.948328360963307,0.9708031450881186,0.9531264417309999,9.1484375,13.176470588235295,7.4453125,11.952941176470588,0.37718420152857723,0.40128791890459586,0.3598315116699353,0.3914621193539405,0.838130712102166,0.8300532698437194,0.8443750126716587,0.8343785820406521,0.9154947908656641,0.9110725930702336,0.9188988043694793,0.9134432560595388,0.7181318454549473,0.5727585514736973,0.7706060194009946,0.6124309716939967
image72.jpg,premium,2344.8046875,3188.0,1866.6796875,3274.0,0.9639405055285577,0.9509734567711376,0.9712933336280872,0.9496509088672225,9.1953125,12.501960784313725,7.3203125,12.83921568627451,0.38924325325084336,0.4084616145770795,0.3698366438847146,0.4112164153252014,0.8309833291657656,0.8253684680765582,0.8378600412476572,0.8241773329129467,0.9115828701581472,0.9084979185868056,0.9153469512964236,0.9078421299504373,0.7314101854567099,0.6169979108046447,0.7861778621690206,0.6066659849355104
image73.jpg,premium,1854.7265625,2642.0,1520.0390625,2724.0,0.9714771543305754,0.9593700981146003,0.9766241340002461,0.958109064066681,7.2734375,10.36078431372549,5.9609375,10.682352941176472,0.310752539058077,0.3265442211719124,0.2968661944637427,0.329143597827133,0.872671186600406,0.8680782840302897,0.8775511155940625,0.8669212953761463,0.9341687142055262,0.9317071879245591,0.936776982848139,0.9310860837624769,0.7136765704868149,0.5628401146482486,0.7653439562636303,0.54927194258207
image74.jpg,premium,1878.6328125000002,2758.0,1719.2578125000002,2796.0000000000005,0.9711095129255991,0.9575861962907145,0.9735604556254422,0.957001814658752,7.367187500000001,10.815686274509805,6.742187500000001,10.964705882352943,0.3343293911495395,0.35501781511422237,0.32770304469806255,0.356261102684727,0.8593810457891798,0.853339767909335,0.8616964112736087,0.8528052920231048,0.9270280717374096,0.9237639135132607,0.928276042604574,0.9234745757318416,0.7433347891820149,0.6000325230281719,0.7651091442885247,0.5945217311047023
image75.jpg,premium,1786.9921875,2368.0,1615.6640625,2890.0,0.9725188049780088,0.9635837972503307,0.9751535683803401,0.9555562390428444,7.0078125,9.28627450980392,6.3359375,11.333333333333334,0.3251828356998112,0.33588651749753873,0.31793838569508914,0.35335343261679963,0.8638456372323746,0.8620380058478676,0.8663425659977533,0.8546594522173102,0.9294329654323514,0.9284600184433724,0.9307752499920446,0.9244779349542693,0.7488611547544937,0.6459972495512478,0.7729391265394586,0.567961170271582
image76.jpg,premium,1591.7578125000002,2578.0,1699.3359375,2574.0,0.9755212097853168,0.9603543198105373,0.9738668234629226,0.9604158336665334,6.242187500000001,10.109803921568629,6.6640625,10.094117647058823,0.30705309123433067,0.33233425597647726,0.3116067507680959,0.33220178510995646,0.8724264156777142,0.8648589772277276,0.8708557382339426,0.8649156181464527,0.9340376949982876,0.9299779444845602,0.9331965164068834,0.9300083968150248,0.7639280002741327,0.5915556355946324,0.7479731967882796,0.592189373941266
image77.jpg,premium,2012.109375,2704.0,1733.203125,3034.0,0.9690568484144805,0.9584166333466614,0.9733459981392059,0.9533417402269861,7.890625,10.603921568627452,6.796875,11.898039215686275,0.357915842143429,0.3728157404469481,0.3462598829432063,0.38380020657691516,0.8467120523243765,0.8432285806142346,0.8507542175973484,0.8386014400459055,0.9201695780259074,0.9182747849169303,0.9223633869562193,0.9157518441400517,0.7490416170101586,0.6443277436391851,0.783827927523602,0.600920996376216
image78.jpg,premium,1878.6328125,2856.0,1508.0859375,2548.0,0.971109512925599,0.9560791068188108,0.9768079547027342,0.9608156737305078,7.3671875,11.200000000000001,5.9140625,9.992156862745098,0.32935680577523285,0.35274138910119934,0.3136408485089015,0.34260060819259985,0.8622721067881044,0.8548894598697067,0.8676738377930063,0.8592324540837736,0.9285860793637305,0.9246023252564892,0.9314901168520289,0.9269479241488022,0.7365688218972443,0.5740652806789789,0.788528736135964,0.619999417076344
image79.jpg,premium,1904.53125,2618.0,1727.2265625,2932.0,0.9707112347368745,0.9597391812505767,0.9734379084904499,0.9549103435548857,7.46875,10.266666666666667,6.7734375,11.498039215686275,0.35004484250321916,0.36611598547269436,0.3425701783833517,0.376704999210668,0.8503438961464641,0.8465457155818431,0.8529183200834715,0.8421289598934312,0.9221409307402335,0.9200791898428325,0.923535770873804,0.9176758468508536,0.7583891360903514,0.6493328552289676,0.7808821976886344,0.6072742290035649
image8.jpg,premium,1747.1484375,2450.0,1304.8828125,2424.0,0.9731315406529697,0.9623227632024114,0.9799329066450344,0.9627226032663858,6.8515625,9.607843137254903,5.1171875,9.505882352941176,0.29557174609299014,0.3084180514670599,0.2766972816720995,0.3075651410614286,0.8802881563356041,0.8769280848861696,0.8867703912332396,0.8772979603118962,0.9382367272365776,0.9364443842995533,0.9416848683255135,0.9366418527440978,0.7128317305303922,0.565992361046016,0.7855242685261197,0.5705981563981809
image80.jpg,premium,1990.1953125,2990.0,1878.6328125,2900.0000000000005,0.9693938530357088,0.9540183926429429,0.971109512925599,0.9554024544028543,7.8046875,11.72549019607843,7.3671875,11.372549019607844,0.36262308101209584,0.38847318894460436,0.3579958217444476,0.38549301432624516,0.8436586223222438,0.8358039199722226,0.8452722294685338,0.8370626320193592,0.9185089124892821,0.9142231237352414,0.9193868769286049,0.9149112700253282,0.758378075664122,0.6178590065400843,0.7719224477990659,0.6293615782495802
image81.jpg,premium,1792.96875,2628.0,1631.6015625,2730.0,0.9724268946267647,0.9595853966105865,0.9749084741103559,0.958016793282687,7.03125,10.305882352941175,6.3984375,10.705882352941176,0.3252902784536916,0.344695024986687,0.31848672030278097,0.3480662611201335,0.8638400236875542,0.8584289917771845,0.8661909458463993,0.8569896177807578,0.9294299455513332,0.9265144314996849,0.9306937981132136,0.9257373373591224,0.7478340205512956,0.6068143808034188,0.7705289587016789,0.5915537517478436
image82.jpg,premium,2870.7421875,4198.0,2655.5859375,4002.0,0.9558523946190753,0.9354412081321318,0.9591611672638637,0.9384553870759389,11.2578125,16.462745098039214,10.4140625,15.694117647058825,0.44466268049082314,0.4779215983834731,0.43664743830412334,0.47218806397631974,0.8015340643284733,0.7893146464088798,0.8045616784071932,0.7919487617884524,0.8952843483097832,0.888433816560851,0.8969736219127032,0.8899150306565523,0.7174812164395215,0.5704420364456824,0.7386554208979057,0.5904976250251597
image83.jpg,premium,1635.5859375,2442.0,1376.6015625,2394.0,0.9748472005428598,0.9624457909144035,0.9788299824301049,0.9631839571863562,6.4140625,9.576470588235294,5.3984375,9.388235294117647,0.29903486382270633,0.31695458885305267,0.28780742693433736,0.3153402152128494,0.8774246172408148,0.8724969416873201,0.8812229610268587,0.8731802200112014,0.9367094625553939,0.934075447534791,0.9387347660691271,0.9344411270974761,0.7434784840571127,0.5889300758606549,0.7840969944987393,0.5970100743695365
image84.jpg,premium,1806.9140625,2826.0,1723.2421875,2578.0,0.9722124371405284,0.9565404607387814,0.973499182057946,0.9603543198105373,7.0859375,11.08235294117647,6.7578125,10.109803921568629,0.32586575714907534,0.3511681522774731,0.32238352911213686,0.3430135138073239,0.8636374357781562,0.855639408319132,0.8648543430373835,0.8591363646992897,0.9293209541262675,0.9250077882478244,0.9299754529219486,0.9268960916409614,0.7458727296000278,0.5771908067543614,0.757640475307634,0.6142950813208574
image85.jpg,premium,1834.8046875,3294.0,2087.8125,2586.0,0.9717835221680559,0.9493433395872419,0.9678926506320549,0.9602312920985452,7.1953125,12.91764705882353,8.1875,10.141176470588235,0.34957721593434365,0.39080620914398667,0.3599299127143618,0.36761283828734254,0.849889333241722,0.8356115557837823,0.8462331213505624,0.8455150983392808,0.9218944262993035,0.9141179113132957,0.9199093006109691,0.9195189494182711,0.7700144798251387,0.5644138659558992,0.7383009498987463,0.6580371151675638
image86.jpg,premium,1450.3125,2412.0,1559.8828125,2346.0,0.9776964214314274,0.9629071448343739,0.9760113983252853,0.963922123458309,5.6875,9.458823529411763,6.1171875,9.200000000000001,0.2990351914374495,0.3247131568787285,0.3038346742784426,0.32243085172187536,0.8755643731527538,0.8682934817753383,0.8739573299256896,0.8692342069954758,0.9357159682044299,0.9318226664850658,0.934856849964576,0.9323273067949237,0.7826746379607206,0.6135659307840056,0.7662558262681927,0.6241399973545925
image87.jpg,premium,1571.8359375,2262.0,1416.4453125,2478.0,0.975827577622797,0.9652139144342263,0.9782172467551442,0.9618921662104389,6.1640625,8.870588235294116,5.5546875,9.717647058823529,0.3012056102969127,0.3160704185416893,0.2944059100193029,0.3235057433664058,0.8755870347717825,0.8722612915122552,0.8778669196117479,0.8691816348989483,0.9357280773663802,0.9339492981485961,0.9369455264911338,0.932299112355551,0.7602487957214905,0.6305670251276175,0.7839504356881873,0.5952896057764085
image88.jpg,premium,1864.6875000000002,2852.0000000000005,1898.5546875,2970.0,0.9713239704118353,0.9561406206748071,0.9708031450881186,0.9543259619229232,7.312500000000001,11.184313725490199,7.4453125,11.647058823529411,0.35758332841766505,0.3840700942098977,0.35900476148973215,0.38800575956089123,0.8453684580449828,0.8376283108809333,0.8448777673025398,0.8359761018187043,0.9194392084553403,0.9152203619243473,0.9191723273154713,0.9143172872798065,0.7738045738045738,0.6358207319745781,0.7696963235424774,0.620753006298912
image89.jpg,premium,1559.8828125,2270.0,1199.296875,2206.0,0.9760113983252854,0.9650908867222342,0.9815566561836804,0.9660751084181711,6.1171875,8.901960784313726,4.703125,8.650980392156862,0.2754891187525423,0.288839058470223,0.2597329046687057,0.2866962582440293,0.8898450894412606,0.8864021079639761,0.8951551292621828,0.8873185947911968,0.9433160072008004,0.9414893031596143,0.9461263812314836,0.9419758992623944,0.7234426970916289,0.5631210951515798,0.7873722907396686,0.5754383858609625
image9.jpg,premium,2147.578125,3006.0000000000005,2041.9921875,3272.0,0.9669735471196137,0.9537723372189586,0.9685972966582598,0.9496816657952203,8.421875,11.788235294117648,8.0078125,12.831372549019608,0.38147044806418445,0.40247878510230706,0.3771782500617942,0.4111528672711394,0.8338068704044118,0.8279007782326054,0.8353260248837587,0.8242049939979609,0.9131302592754288,0.9098905309061115,0.913961719594294,0.9078573643463829,0.754001852100538,0.6388631492718827,0.7660963807078399,0.6069062622813042
image90.jpg,premium,1436.3671875000002,2250.0,1336.7578125000002,2220.0000000000005,0.9779108789176638,0.9653984560022145,0.9794427181050658,0.9658598099221851,5.632812500000001,8.823529411764707,5.242187500000001,8.705882352941178,0.2810775064637987,0.3000848046817164,0.276670841334407,0.29905102642133885,0.8856626686175391,0.8806207373291643,0.8871292019220373,0.8810503831002214,0.9410965246017748,0.9384139477486279,0.9418753643248332,0.9386428410744001,0.7618022679384802,0.5975308950751693,0.7783208346556452,0.6028971498075003
image91.jpg,premium,1777.03125,2688.0,1651.5234375,2596.0,0.972671988896749,0.9586626887706456,0.9746021062728756,0.960077507458555,6.96875,10.541176470588235,6.4765625,10.180392156862746,0.30626853745416477,0.3264998182141525,0.3011096658778668,0.3235639739824089,0.8745673163566898,0.8682062740781834,0.87639569310031,0.8695061430990741,0.9351830389590531,0.931775871161184,0.9361600787794307,0.9324731326419406,0.7235394180195425,0.5514769795073199,0.743065221455382,0.5668282138396585
image92.jpg,premium,2028.046875,3244.0,2217.3046875,3250.0000000000005,0.9688117541444962,0.9501122627871929,0.9659012596884323,0.9500199920031989,7.953125,12.72156862745098,8.6953125,12.745098039215689,0.366964180614486,0.3996765045144314,0.3745274914476549,0.3998644982746289,0.8414201081014515,0.8305588226573017,0.8386995921415442,0.830475765612877,0.9172895443105473,0.9113500000863015,0.9158054335619243,0.9113044308094178,0.7570288472085114,0.5912170057799839,0.7343547219480091,0.5904609336575054
image93.jpg,premium,1922.4609375000002,2980.0,1834.8046875,2718.0,0.9704355036831422,0.9541721772829329,0.9717835221680559,0.9582013348506752,7.539062500000001,11.686274509803923,7.1953125,10.658823529411764,0.35869139928934113,0.386905741666539,0.3550153168809476,0.3780766902069391,0.8453262370167124,0.836640762040921,0.8465963840154628,0.8403169097858292,0.9194162479621036,0.914680688568924,0.9201067242529329,0.9166880111498291,0.7653256801324111,0.6169175119610413,0.7760258563750783,0.650597918627554
image94.jpg,premium,2354.7656250000005,3746.0,2565.9375,3578.0,0.9637873216098176,0.9423922738596868,0.9605398225325255,0.9449758558115217,9.234375000000002,14.690196078431374,10.0625,14.03137254901961,0.4399467203627268,0.48080146493170905,0.44838029551320563,0.47537969047469264,0.7990960212305666,0.785558121687737,0.7960942272991457,0.7878507407540443,0.8939217086694822,0.8863171676593752,0.8922411262092471,0.8876095654926462,0.781850794919056,0.6402879424257626,0.7622874990319327,0.6564202504002612
image95.jpg,premium,1526.015625,2404.0,1478.203125,2344.0,0.9765322236490019,0.9630301725463661,0.9772675064589549,0.963952880386307,5.984375,9.427450980392157,5.796875,9.1921568627451,0.285235711168917,0.30559362401262646,0.28318764434950794,0.30359877952781567,0.8841809152429354,0.8782540105460281,0.8848822380514706,0.8791093571942651,0.9403089466994001,0.9371520743966948,0.9406817942596054,0.9376083175795025,0.7473874319815715,0.5708223309037221,0.7553021860709219,0.5815339199826642
image96.jpg,premium,1713.28125,2506.0,1404.4921875,2482.0,0.9736523659766864,0.9614615692184665,0.9784010674576323,0.9618306523544429,6.71875,9.827450980392157,5.5078125,9.733333333333333,0.3042039650997542,0.32121154342514263,0.2909695656675084,0.32041582682784403,0.8751932779947917,0.870476122971069,0.8797143615699191,0.8708168993648525,0.9355176524228668,0.9329930991015255,0.9379308938135683,0.9331757065873781,0.7342686023823423,0.5832272342698016,0.7821620519529666,0.587218673366978
image97.jpg,premium,1681.40625,2610.0,1593.75,2504.0000000000005,0.9741425545166549,0.9598622089625688,0.9754905730015686,0.9614923261464645,6.59375,10.235294117647058,6.25,9.819607843137257,0.30496748915853933,0.32690252143827503,0.30127898867866165,0.32342480458985867,0.8744791835622115,0.8678094248493134,0.8757593252144609,0.8693113618353691,0.9351359171597525,0.9315628936627486,0.9358201350764264,0.9323686834269849,0.7422761842854161,0.5714604757984394,0.7557120230193518,0.5888647629882344
image98.jpg,premium,2432.4609375,3466.0,2111.71875,3392.0,0.9625924870436442,0.9466982437794113,0.9675250092270784,0.9478362501153385,9.5390625,13.592156862745098,8.28125,13.301960784313724,0.42324247822858135,0.45037115418050544,0.410236518402751,0.44796220938623477,0.8107540922887231,0.8023127529248577,0.8153419827259948,0.8033307526561295,0.900418842699731,0.895719126135452,0.9029628911123617,0.8962872043358253,0.7558811306325783,0.637953653562009,0.7880704328177993,0.6456834370693405
image99.jpg,premium,2135.625,3148.0,2014.1015625,3110.0,0.967157367822102,0.9515885953310983,0.9690262116307322,0.952172976963061,8.375,12.345098039215687,7.8984375,12.19607843137255,0.38103199003102506,0.4072110220220106,0.3760710519004633,0.4059695251051938,0.8339523828162547,0.825897147239232,0.8357019887746,0.8264252961589761,0.9132099335948195,0.9087888353403292,0.9141673745953747,0.909079367359625,0.7554187784160536,0.6218818213405196,0.7693361800173789,0.6264461449710979
